train/n_updates,train/explained_variance,train/value_loss,train/learning_rate,time/iterations,train/policy_loss,time/fps,train/std,time/time_elapsed,train/entropy_loss,time/total_timesteps,rollout/ep_len_mean,rollout/ep_rew_mean
60099,-0.007811307907104492,0.0023986997548490763,0.0007,100,-0.09236812591552734,853,0.48120564222335815,0,-2.499235153198242,500,,
60199,-16.81561279296875,0.033009257167577744,0.0007,200,0.1324469894170761,859,0.4826503098011017,1,-2.512651205062866,1000,718.0,-124.529844
60299,-14.091057777404785,0.06316091865301132,0.0007,300,-0.513310432434082,863,0.482678085565567,1,-2.5191094875335693,1500,481.6666666666667,-125.77040066666666
60399,-0.9329102039337158,0.44474267959594727,0.0007,400,-2.1514480113983154,867,0.4824545979499817,2,-2.5258541107177734,2000,275.85714285714283,-113.50569785714285
60499,-110.12527465820312,0.9945312738418579,0.0007,500,2.0292816162109375,868,0.48032379150390625,2,-2.5049571990966797,2500,225.0,-109.54799172727274
60599,-0.012172222137451172,0.039545830339193344,0.0007,600,0.025244398042559624,869,0.48011523485183716,3,-2.497042179107666,3000,195.73333333333332,-107.08250126666667
60699,0.9860233068466187,0.0005277275340631604,0.0007,700,-0.027125975117087364,870,0.4785812199115753,4,-2.4850823879241943,3500,173.55,-106.05417804999999
60799,-3.97471284866333,1.8469603061676025,0.0007,800,4.224746227264404,870,0.47957542538642883,4,-2.5017011165618896,4000,158.0,-105.66020135999999
60899,0.3730980157852173,0.00761346286162734,0.0007,900,-0.09304828196763992,870,0.4784751534461975,5,-2.4990899562835693,4500,144.1290322580645,-105.37422770967741
60999,-0.9644180536270142,0.4191358983516693,0.0007,1000,-1.6677881479263306,868,0.4791102111339569,5,-2.5073132514953613,5000,134.51351351351352,-105.2946767027027
61099,0.982813835144043,0.002072100294753909,0.0007,1100,0.12538397312164307,868,0.4787769317626953,6,-2.4948537349700928,5500,130.28571428571428,-105.64470876190478
61199,-1.8780794143676758,1.622680902481079,0.0007,1200,3.2923524379730225,868,0.47869518399238586,6,-2.4970901012420654,6000,123.52083333333333,-105.21289643749999
61299,-3.8080053329467773,0.08654315769672394,0.0007,1300,-0.287552148103714,867,0.47536414861679077,7,-2.466003179550171,6500,113.7719298245614,-104.73335359649123
61399,-9.256555557250977,3.3991525173187256,0.0007,1400,-3.8597962856292725,868,0.4753435254096985,8,-2.4689385890960693,7000,112.19354838709677,-104.3906460967742
61499,-31.70001983642578,2.034506320953369,0.0007,1500,2.5899832248687744,868,0.47659653425216675,8,-2.4820001125335693,7500,111.05970149253731,-104.42296511940299
61599,-4.17474365234375,1.195027470588684,0.0007,1600,1.3364852666854858,869,0.4796907901763916,9,-2.5049996376037598,8000,111.8169014084507,-104.41165611267606
61699,-0.013815760612487793,0.409335196018219,0.0007,1700,-1.3426226377487183,869,0.48024892807006836,9,-2.510967254638672,8500,111.96,-104.47240457333334
61799,0.37858980894088745,0.06894069164991379,0.0007,1800,0.3901093602180481,870,0.47844570875167847,10,-2.4983670711517334,9000,112.78481012658227,-104.46550367088606
61899,-6.254386901855469,2.2462470531463623,0.0007,1900,-4.0790534019470215,869,0.48039186000823975,10,-2.5102148056030273,9500,111.15294117647059,-104.64480603529414
61999,0.2513139247894287,0.14771199226379395,0.0007,2000,0.14060047268867493,869,0.4784741699695587,11,-2.4988248348236084,10000,108.67391304347827,-104.45136782608697
62099,-140.65733337402344,3.0913734436035156,0.0007,2100,3.7890164852142334,869,0.480990469455719,12,-2.518707275390625,10500,108.03092783505154,-104.34046784536083
62199,0.21085470914840698,0.038799043744802475,0.0007,2200,0.42941299080848694,869,0.48161011934280396,12,-2.521043062210083,11000,112.10204081632654,-104.5279545
62299,-17.953018188476562,0.30606910586357117,0.0007,2300,0.9192571640014648,870,0.482632040977478,13,-2.5250344276428223,11500,107.02,-104.27425262999999
62399,-0.17262375354766846,0.722686767578125,0.0007,2400,1.6920028924942017,870,0.48478978872299194,13,-2.532288074493408,12000,101.07,-103.74239170999999
62499,-173.6289825439453,0.008978255093097687,0.0007,2500,0.3124133050441742,870,0.48645228147506714,14,-2.5479907989501953,12500,100.52,-103.73295084
62599,0.9921287894248962,0.0027846277225762606,0.0007,2600,-0.11090143024921417,870,0.489197701215744,14,-2.5685460567474365,13000,100.07,-103.92184776999999
62699,-167.32176208496094,0.2645585238933563,0.0007,2700,1.2505996227264404,870,0.4891996681690216,15,-2.5685887336730957,13500,100.0,-103.89846435
62799,-4.132384300231934,2.2688987255096436,0.0007,2800,-4.616707801818848,870,0.485951691865921,16,-2.540470838546753,14000,100.06,-103.80371301999999
62899,-0.5856924057006836,0.3427445590496063,0.0007,2900,-1.641741156578064,870,0.4848087728023529,16,-2.533665180206299,14500,100.02,-103.67624065000004
62999,-13.987664222717285,0.49460288882255554,0.0007,3000,1.0516852140426636,870,0.48519983887672424,17,-2.529221296310425,15000,100.01,-103.51360143
63099,-8.031220436096191,0.09133259207010269,0.0007,3100,-0.12122692912817001,870,0.4860060214996338,17,-2.5389981269836426,15500,99.18,-103.15387430000001
63199,0.4195575714111328,0.040286432951688766,0.0007,3200,0.4578253924846649,870,0.4861399233341217,18,-2.5459611415863037,16000,99.82,-103.63527704
63299,-0.5296710729598999,0.006107754539698362,0.0007,3300,-0.0820910632610321,870,0.4852946400642395,18,-2.5327656269073486,16500,101.62,-103.75051209000002
63399,-21.651124954223633,0.16844308376312256,0.0007,3400,-1.2529922723770142,871,0.48722681403160095,19,-2.5476789474487305,17000,103.44,-103.77495129999997
63499,0.976057231426239,0.013446161523461342,0.0007,3500,-0.4905591905117035,870,0.48527565598487854,20,-2.531414031982422,17500,104.84,-104.33023308000001
63599,-2.315985679626465,0.15135541558265686,0.0007,3600,-0.433917760848999,870,0.4818723797798157,20,-2.50034499168396,18000,103.69,-104.1404189
63699,0.8011385202407837,0.0721471980214119,0.0007,3700,0.5674183368682861,871,0.4828920364379883,21,-2.5078799724578857,18500,101.62,-103.96416006
63799,-148.23159790039062,0.4362363815307617,0.0007,3800,-0.5489540100097656,871,0.4804432690143585,21,-2.4881577491760254,19000,99.38,-103.79188794
63899,-4.747297763824463,0.6615719199180603,0.0007,3900,-2.1668126583099365,871,0.48021200299263,22,-2.483816623687744,19500,99.72,-103.50268223
63999,-13.850906372070312,0.3786390721797943,0.0007,4000,-1.2693760395050049,871,0.48013854026794434,22,-2.4822263717651367,20000,101.53,-103.55823674999999
64099,0.47478312253952026,0.29203349351882935,0.0007,4100,1.3213400840759277,871,0.48030897974967957,23,-2.4766640663146973,20500,102.64,-104.14292632
64199,-10.94192123413086,0.09229215234518051,0.0007,4200,0.411527544260025,871,0.4805854856967926,24,-2.481843948364258,21000,95.85,-104.23054384000002
64299,0.16965419054031372,3676.427490234375,0.0007,4300,-182.99949645996094,871,0.47704726457595825,24,-2.458418846130371,21500,96.96,-104.41929406999999
64399,-0.5465803146362305,0.20124785602092743,0.0007,4400,0.30502650141716003,871,0.4771480858325958,25,-2.458062171936035,22000,96.03,-104.35467984000003
64499,-104.58695220947266,1.0598829984664917,0.0007,4500,-1.0985287427902222,870,0.48009514808654785,25,-2.488483428955078,22500,95.26,-104.26222205
64599,0.22264474630355835,0.11538242548704147,0.0007,4600,-0.3917158842086792,870,0.4804280996322632,26,-2.488274097442627,23000,93.47,-104.19793704
64699,-5.057939529418945,0.6848100423812866,0.0007,4700,0.9525481462478638,870,0.47813880443573,26,-2.465824604034424,23500,93.47,-104.06178299999999
64799,-21.08517837524414,0.03495700657367706,0.0007,4800,0.4122825264930725,870,0.4782772362232208,27,-2.4616622924804688,24000,93.82,-104.29991198999998
64899,-0.7664880752563477,0.17402121424674988,0.0007,4900,-0.8468250632286072,870,0.47961267828941345,28,-2.4772942066192627,24500,95.79,-104.46850768
64999,0.5732662677764893,0.6861318945884705,0.0007,5000,-1.2520521879196167,870,0.4804885685443878,28,-2.4889938831329346,25000,99.02,-104.72001556000001
65099,nan,7.275957722603643e-13,0.0007,5100,-0.0,870,0.47714120149612427,29,-2.459439992904663,25500,99.73,-104.94904261000002
65199,-4.199999809265137,1.0913936854956008e-12,0.0007,5200,1.3135490917193238e-08,871,0.4771409034729004,29,-2.4594380855560303,26000,99.73,-104.94904261000002
65299,-0.4799998998641968,2.7284841053187847e-12,0.0007,5300,2.6300365334464004e-06,871,0.4771404564380646,30,-2.4594311714172363,26500,99.73,-104.94904261000002
65399,-12.295801162719727,0.8616523742675781,0.0007,5400,-2.443056106567383,871,0.47764962911605835,30,-2.4607322216033936,27000,114.9,-105.7237552
65499,-29.295185089111328,0.31619566679000854,0.0007,5500,0.6670040488243103,869,0.48169419169425964,31,-2.494723320007324,27500,116.99,-105.82539358
65599,-0.013522982597351074,0.00740797957405448,0.0007,5600,-0.1565394103527069,868,0.48230165243148804,32,-2.4891762733459473,28000,117.26,-105.40456595000002
65699,-172.2564239501953,0.015234789811074734,0.0007,5700,-0.15064094960689545,868,0.48348650336265564,32,-2.4913206100463867,28500,117.26,-105.40456595000002
65799,-2.013333320617676,2.2737367544323206e-11,0.0007,5800,6.96901724950294e-06,867,0.4829268455505371,33,-2.490346670150757,29000,117.26,-105.40456595000002
65899,-2.2115578651428223,0.0139429597184062,0.0007,5900,-0.2390701323747635,865,0.484415739774704,34,-2.4988067150115967,29500,132.43,-105.76401508000002
65999,-0.000986933708190918,1.5043638995848596e-05,0.0007,6000,0.00673291552811861,865,0.4848063588142395,34,-2.500901222229004,30000,132.43,-105.76401508000002
66099,0.0053975582122802734,1.220227261455875e-07,0.0007,6100,0.0009012074442580342,865,0.4840167760848999,35,-2.4925267696380615,30500,132.43,-105.76401508000002
66199,6.186962127685547e-05,0.00011067150626331568,0.0007,6200,0.043141208589076996,866,0.48318397998809814,35,-2.474658966064453,31000,132.43,-105.76401508000002
66299,nan,1.0913936854956008e-12,0.0007,6300,7.245897108987265e-07,866,0.48780208826065063,36,-2.5094287395477295,31500,147.74,-106.51976337
66399,-0.0007485151290893555,2.351225658614453e-09,0.0007,6400,-9.697922359919176e-05,866,0.4878082275390625,36,-2.509460926055908,32000,147.74,-106.51976337
66499,-0.002050042152404785,2.444023493808345e-06,0.0007,6500,-0.004217904061079025,867,0.4912945628166199,37,-2.535306215286255,32500,147.74,-106.51976337
66599,-1.496589183807373,1.096935749053955,0.0007,6600,-1.9730644226074219,867,0.49221915006637573,38,-2.5422534942626953,33000,163.4,-107.35975394
66699,-0.907158613204956,0.4340589642524719,0.0007,6700,1.9416173696517944,867,0.49497538805007935,38,-2.5641984939575195,33500,163.05,-107.20074341
66799,-0.06987595558166504,1.3473254734108764e-09,0.0007,6800,-5.7650788221508265e-05,867,0.4983903169631958,39,-2.58243989944458,34000,163.05,-107.20074341
66899,-1.0,8.003553549074116e-12,0.0007,6900,-5.338234586815815e-06,868,0.49838998913764954,39,-2.5824403762817383,34500,163.05,-107.20074341
66999,-27.425968170166016,0.0719650611281395,0.0007,7000,-0.42210155725479126,868,0.49928978085517883,40,-2.5889344215393066,35000,178.16,-107.54473623999998
67099,nan,0.0,0.0007,7100,-0.0,869,0.49849361181259155,40,-2.5832643508911133,35500,178.16,-107.54473623999998
67199,nan,0.0,0.0007,7200,-0.0,869,0.49849361181259155,41,-2.5832643508911133,36000,178.16,-107.54473623999998
67299,nan,0.0,0.0007,7300,-0.0,869,0.49849361181259155,41,-2.5832643508911133,36500,178.16,-107.54473623999998
67399,-0.7999999523162842,5.729816621169448e-11,0.0007,7400,1.4941574590920936e-05,869,0.4981423616409302,42,-2.567831039428711,37000,192.04,-107.90893088999998
67499,-0.00010454654693603516,4.103730316273868e-05,0.0007,7500,-0.0151300597935915,870,0.49814099073410034,43,-2.567922353744507,37500,192.04,-107.90893088999998
67599,-1.6787381172180176,0.16148741543293,0.0007,7600,-0.7697656154632568,870,0.49547991156578064,43,-2.545746326446533,38000,192.04,-107.90893088999998
67699,-0.7349635362625122,0.20368003845214844,0.0007,7700,-0.7253071665763855,870,0.49672645330429077,44,-2.5512962341308594,38500,205.0,-109.28370490000002
67799,0.7715286016464233,0.10529029369354248,0.0007,7800,-0.6810145974159241,870,0.4995823800563812,44,-2.571225881576538,39000,206.35,-109.39744724000002
67899,0.26671314239501953,0.10413602739572525,0.0007,7900,0.5299014449119568,870,0.49907752871513367,45,-2.561927556991577,39500,207.59,-109.60717510999997
67999,0.23762035369873047,5769.9677734375,0.0007,8000,-181.23760986328125,870,0.5028473734855652,45,-2.588623523712158,40000,208.56,-109.87005713
68099,-16.649019241333008,0.11097853630781174,0.0007,8100,-0.29603660106658936,870,0.5006721019744873,46,-2.5838849544525146,40500,207.67,-109.89207822000002
68199,0.2445736527442932,1202.69287109375,0.0007,8200,-41.350494384765625,870,0.5005545616149902,47,-2.59332275390625,41000,205.83,-109.29289031
68299,-1.5999999046325684,1.273292560798056e-12,0.0007,8300,9.532452054372698e-07,870,0.5010833144187927,47,-2.5973610877990723,41500,206.9,-109.14003468000001
68399,-0.00011146068572998047,2.8768572519766167e-05,0.0007,8400,0.022151468321681023,870,0.5016060471534729,48,-2.598043203353882,42000,206.9,-109.14003468000001
68499,0.7478803396224976,0.00015641604841221124,0.0007,8500,-0.02669326774775982,871,0.5025365948677063,48,-2.598959445953369,42500,206.9,-109.14003468000001
68599,0.4282219409942627,0.017340149730443954,0.0007,8600,0.2333584576845169,871,0.5069453716278076,49,-2.6235294342041016,43000,218.29,-110.00047803
68699,0.26743316650390625,2376.134521484375,0.0007,8700,-71.77306365966797,870,0.5069215297698975,49,-2.6300153732299805,43500,216.87,-109.84609235999999
68799,-1.3709423542022705,0.08149446547031403,0.0007,8800,-0.12790636718273163,870,0.503993570804596,50,-2.6076595783233643,44000,217.27,-109.80463247
68899,-7.606296539306641,0.8743831515312195,0.0007,8900,-1.445264220237732,870,0.5020439624786377,51,-2.6011643409729004,44500,218.27,-110.00366126999998
68999,-3.433354377746582,0.11894228309392929,0.0007,9000,0.5339159965515137,870,0.5010687708854675,51,-2.599242925643921,45000,219.42,-110.38431612000001
69099,-0.17391741275787354,0.17644523084163666,0.0007,9100,-0.9853804707527161,870,0.502060055732727,52,-2.5973947048187256,45500,221.12,-110.39158280000001
69199,-3.049581527709961,0.21652726829051971,0.0007,9200,0.8420751690864563,870,0.503216028213501,52,-2.6156959533691406,46000,221.99,-110.31696870000002
69299,-1.5313453674316406,0.171498104929924,0.0007,9300,-1.0544542074203491,870,0.498811811208725,53,-2.584688663482666,46500,223.48,-110.44491287000002
69399,-3.808581829071045,0.5137762427330017,0.0007,9400,-2.5959386825561523,870,0.49628159403800964,53,-2.560960531234741,47000,222.11,-110.12608275000001
69499,0.7035321593284607,0.0008037520456127822,0.0007,9500,0.039416659623384476,870,0.49559128284454346,54,-2.5619239807128906,47500,205.08,-108.98797038000001
69599,-1.8379242420196533,0.40828847885131836,0.0007,9600,1.3837145566940308,870,0.4985949993133545,55,-2.583127737045288,48000,204.83,-108.96225582999999
69699,-2.7841033935546875,0.1004546508193016,0.0007,9700,0.07569419592618942,870,0.49320924282073975,55,-2.545945882797241,48500,174.12,-107.72949610000003
69799,-8.674508094787598,0.0006629684357903898,0.0007,9800,0.08009488880634308,870,0.4922109842300415,56,-2.5437912940979004,49000,159.23,-107.07651910000003
69899,-60.18814468383789,0.17176298797130585,0.0007,9900,0.44026899337768555,870,0.4946458339691162,56,-2.5738675594329834,49500,160.92,-107.15655803999998
69999,-1.3861370086669922,0.4425922930240631,0.0007,10000,1.6496269702911377,870,0.49184978008270264,57,-2.546332359313965,50000,133.61,-106.32939367999998
70099,0.9551782608032227,0.0246769767254591,0.0007,10100,0.3637959659099579,870,0.48974186182022095,57,-2.5322272777557373,50500,121.97,-105.13410972
70199,0.8849483728408813,0.049011196941137314,0.0007,10200,0.3800855278968811,870,0.4896705448627472,58,-2.528836250305176,51000,121.69,-105.04469320999999
70299,-0.842725396156311,0.009791596792638302,0.0007,10300,0.26972100138664246,870,0.4927085041999817,59,-2.5451512336730957,51500,122.84,-104.98210101000001
70399,-1.2476840019226074,1.5989242792129517,0.0007,10400,2.06497859954834,870,0.4926756024360657,59,-2.546142578125,52000,122.97,-104.90258198
70499,-3.385476589202881,0.2927952706813812,0.0007,10500,-1.8071049451828003,870,0.4919912815093994,60,-2.5478851795196533,52500,123.59,-104.62951616999999
70599,0.9417073726654053,0.0036335818003863096,0.0007,10600,-0.12629441916942596,870,0.4935517907142639,60,-2.559171438217163,53000,124.48,-104.57855557
70699,0.4535813331604004,0.09846659749746323,0.0007,10700,0.6193036437034607,870,0.4904658794403076,61,-2.543718099594116,53500,126.09,-104.57548286000001
70799,-0.0004178285598754883,2.2563586753676645e-05,0.0007,10800,0.00229522748850286,870,0.4922217130661011,61,-2.552039861679077,54000,126.19,-104.63677817
70899,0.9972836375236511,0.1882246434688568,0.0007,10900,-1.0766361951828003,871,0.49207404255867004,62,-2.5571630001068115,54500,132.0,-105.58667296000003
70999,-38.62107467651367,0.40465980768203735,0.0007,11000,1.4768311977386475,871,0.4906425476074219,63,-2.552093267440796,55000,120.89,-104.56490277999997
71099,0.578246533870697,0.030633065849542618,0.0007,11100,0.2578299641609192,871,0.49371689558029175,63,-2.5764501094818115,55500,125.59,-104.98781440999997
71199,0.18256747722625732,0.05151314660906792,0.0007,11200,-0.41359344124794006,871,0.49366387724876404,64,-2.578238010406494,56000,126.35,-105.17206482999998
71299,-15.136909484863281,0.011808169074356556,0.0007,11300,0.19421826303005219,871,0.4960871934890747,64,-2.601187229156494,56500,126.35,-105.17206482999998
71399,-2.0377938747406006,0.008200510405004025,0.0007,11400,-0.02546517364680767,871,0.49695727229118347,65,-2.6053147315979004,57000,126.35,-105.17206482999998
71499,0.8955197930335999,0.12404856830835342,0.0007,11500,-1.4402178525924683,871,0.4981530010700226,65,-2.620445728302002,57500,140.65,-106.10003421000002
71599,-0.0001016855239868164,5.5142882047221065e-05,0.0007,11600,0.021756617352366447,871,0.4994955360889435,66,-2.626481056213379,58000,140.65,-106.10003421000002
71699,0.8428798317909241,0.7336253523826599,0.0007,11700,2.013427495956421,871,0.49938738346099854,67,-2.624617576599121,58500,148.96,-106.94365900000003
71799,-7.813422203063965,0.006682810839265585,0.0007,11800,0.03516889363527298,871,0.5004385113716125,67,-2.6282434463500977,59000,149.36,-106.95575287
71899,-11.43028450012207,0.04800204560160637,0.0007,11900,-0.0032482624519616365,871,0.49947553873062134,68,-2.621088743209839,59500,154.02,-107.23996090000003
71999,0.33465278148651123,0.08214681595563889,0.0007,12000,-0.25416526198387146,871,0.5008589029312134,68,-2.6303162574768066,60000,155.67,-107.16072569000002
72099,0.9179375171661377,0.16204504668712616,0.0007,12100,0.982808530330658,871,0.49915817379951477,69,-2.615032196044922,60500,155.75,-106.86126035999997
72199,-16.543725967407227,1.29057776927948,0.0007,12200,2.9101576805114746,871,0.49739402532577515,69,-2.6017067432403564,61000,158.8,-107.0555559
72299,-0.4714866876602173,2.5094025135040283,0.0007,12300,-5.228686809539795,871,0.500200092792511,70,-2.6217057704925537,61500,159.74,-107.18507962000001
72399,-77.50485229492188,0.029276257380843163,0.0007,12400,-0.21026365458965302,871,0.5016117095947266,71,-2.6199588775634766,62000,161.4,-107.33182837999999
72499,-44.22554397583008,0.3475635051727295,0.0007,12500,-0.6815792918205261,871,0.503729522228241,71,-2.6375787258148193,62500,161.4,-107.33182837999999
72599,0.4638405442237854,0.058140117675065994,0.0007,12600,0.3206772804260254,872,0.5037200450897217,72,-2.63558292388916,63000,170.97,-108.10340207000002
72699,-5.559474468231201,0.33988600969314575,0.0007,12700,1.1663141250610352,872,0.5061132907867432,72,-2.652036428451538,63500,171.29,-108.20784183000002
72799,-0.32489538192749023,0.5153669118881226,0.0007,12800,1.1584302186965942,872,0.5082550048828125,73,-2.675997734069824,64000,171.85,-108.31504744
72899,-0.4625518321990967,0.09177254140377045,0.0007,12900,0.6253134608268738,872,0.510217547416687,73,-2.6914873123168945,64500,172.61,-108.50606449999998
72999,-0.1969447135925293,0.010176563635468483,0.0007,13000,-0.09725578129291534,872,0.5117396116256714,74,-2.700148820877075,65000,172.39,-108.64283419999998
73099,-4.560305595397949,0.09669642150402069,0.0007,13100,-0.49764156341552734,872,0.5105186700820923,75,-2.694049596786499,65500,173.99,-108.92709477999999
73199,0.7152900695800781,0.036687836050987244,0.0007,13200,0.46405529975891113,872,0.5097333192825317,75,-2.6889102458953857,66000,173.67,-109.07924779999999
73299,0.9327071309089661,0.012094913981854916,0.0007,13300,-0.1419418901205063,872,0.5113253593444824,76,-2.7033207416534424,66500,171.86,-108.97452801
73399,-0.011685013771057129,0.29929545521736145,0.0007,13400,-1.1297937631607056,872,0.5169051885604858,76,-2.7386627197265625,67000,168.03,-108.61663189999999
73499,0.3570387363433838,0.14719735085964203,0.0007,13500,-0.17632567882537842,872,0.5151257514953613,77,-2.7325563430786133,67500,165.51,-108.5563577
73599,-4.008575916290283,0.11933938413858414,0.0007,13600,0.6086543202400208,872,0.5172308087348938,77,-2.743436098098755,68000,161.46,-108.73110933
73699,-1.6858551502227783,0.1842038482427597,0.0007,13700,-0.34431153535842896,872,0.5161399841308594,78,-2.7327756881713867,68500,161.66,-108.80991024
73799,0.5872282385826111,0.06007090210914612,0.0007,13800,0.1565973311662674,872,0.5132871866226196,79,-2.709911823272705,69000,161.72,-108.90554640999999
73899,0.9002847075462341,0.02295183204114437,0.0007,13900,0.47823596000671387,872,0.5084635615348816,79,-2.6842222213745117,69500,160.1,-108.8572171
73999,0.8959572315216064,0.018886787816882133,0.0007,14000,0.6359437704086304,872,0.508122444152832,80,-2.68513822555542,70000,152.14,-107.64041114
74099,-0.8404003381729126,0.5206093788146973,0.0007,14100,0.9670939445495605,872,0.5036885738372803,80,-2.664334535598755,70500,146.93,-106.95154765999997
74199,-16.913909912109375,0.14085827767848969,0.0007,14200,0.7404975295066833,872,0.5008766055107117,81,-2.6376354694366455,71000,124.44,-105.22114615999999
74299,0.6300290822982788,0.051938798278570175,0.0007,14300,0.5752663016319275,872,0.5013648271560669,81,-2.641439437866211,71500,116.26,-104.89978948
74399,-6.4090352058410645,0.6086391806602478,0.0007,14400,-2.3929173946380615,872,0.5031859278678894,82,-2.6645309925079346,72000,117.54,-104.98598330000003
74499,-1.4155652523040771,0.15790989995002747,0.0007,14500,-1.170747995376587,872,0.5055810809135437,83,-2.6839911937713623,72500,114.46,-104.86457743999999
74599,-9.533442497253418,0.1493486911058426,0.0007,14600,0.1862187683582306,872,0.5055336356163025,83,-2.6888935565948486,73000,102.38,-103.85385824
74699,0.3140820264816284,0.1704787164926529,0.0007,14700,0.9253248572349548,872,0.5068223476409912,84,-2.6962547302246094,73500,98.86,-103.40641181000001
74799,0.8359692096710205,0.16167782247066498,0.0007,14800,-0.858284592628479,872,0.504452109336853,84,-2.6724987030029297,74000,94.6,-102.94972213999999
74899,-1.552802562713623,0.1488962024450302,0.0007,14900,1.046775221824646,872,0.5058425664901733,85,-2.681638240814209,74500,91.71,-102.41738399999998
74999,0.9576098322868347,0.01445133239030838,0.0007,15000,0.36738911271095276,872,0.5049034357070923,86,-2.6643848419189453,75000,90.47,-102.21916983
75099,0.26560109853744507,3649.99853515625,0.0007,15100,-85.08515930175781,871,0.5028749704360962,86,-2.6383416652679443,75500,93.27,-102.40733740999998
75199,-1.2993812561035156e-05,0.007927970960736275,0.0007,15200,-0.2808394134044647,871,0.5044889450073242,87,-2.6471900939941406,76000,93.27,-102.40733740999998
75299,-7.149670600891113,0.014545762911438942,0.0007,15300,-0.18976332247257233,871,0.5043134689331055,87,-2.637741804122925,76500,93.27,-102.40733740999998
75399,-2.2550976276397705,0.14348278939723969,0.0007,15400,1.1054763793945312,871,0.5058444738388062,88,-2.646791458129883,77000,104.0,-103.11675906999999
75499,0.28688305616378784,0.5477537512779236,0.0007,15500,-0.6269616484642029,871,0.5053222179412842,88,-2.6427228450775146,77500,110.26,-103.63289880999999
75599,-21.109477996826172,3.0719611644744873,0.0007,15600,-4.803020000457764,871,0.5040897727012634,89,-2.6412723064422607,78000,112.57,-103.70846415
75699,-37.58487319946289,0.04022993519902229,0.0007,15700,-0.13967643678188324,871,0.5063716173171997,90,-2.6569290161132812,78500,112.72,-103.67743093000001
75799,-26.193660736083984,0.22188019752502441,0.0007,15800,1.114524006843567,871,0.507671594619751,90,-2.665382146835327,79000,112.72,-103.67743093000001
75899,-257.44140625,0.3252611756324768,0.0007,15900,1.31953763961792,871,0.5070501565933228,91,-2.668156147003174,79500,123.36,-104.39484122
75999,0.48269861936569214,0.027007415890693665,0.0007,16000,0.263190895318985,871,0.5061596632003784,91,-2.661705493927002,80000,127.41,-104.74690943
76099,-0.746212363243103,1.0691015720367432,0.0007,16100,1.4559863805770874,871,0.5088469982147217,92,-2.674647092819214,80500,130.44,-104.79470481
76199,0.7993575930595398,0.050398290157318115,0.0007,16200,-0.6879233717918396,871,0.5054707527160645,92,-2.644930362701416,81000,132.36,-104.79876548
76299,0.8306424617767334,0.18504706025123596,0.0007,16300,1.2289512157440186,871,0.5079668164253235,93,-2.667386054992676,81500,133.06,-104.46603549
76399,0.6397222280502319,0.671256422996521,0.0007,16400,-2.226555347442627,871,0.5045526027679443,94,-2.643087148666382,82000,134.92,-104.50068667000001
76499,-3.7816247940063477,0.5450672507286072,0.0007,16500,-1.565738558769226,871,0.5038353800773621,94,-2.650484561920166,82500,135.08,-104.49480169
76599,0.23049181699752808,1287.4000244140625,0.0007,16600,-47.348487854003906,871,0.5027270317077637,95,-2.646914482116699,83000,137.95,-104.79518655
76699,-4200.1787109375,0.3217526972293854,0.0007,16700,-0.8461436629295349,871,0.49926915764808655,95,-2.618340015411377,83500,140.04,-104.97392153000001
76799,0.9034370183944702,0.012122037820518017,0.0007,16800,0.35388264060020447,871,0.4970044195652008,96,-2.609300374984741,84000,141.78,-105.19169358
76899,-0.3719770908355713,0.43555912375450134,0.0007,16900,2.31233549118042,871,0.4995598793029785,96,-2.626927375793457,84500,143.95,-105.41136542
76999,-6.606629848480225,0.10765532404184341,0.0007,17000,0.7169939279556274,871,0.49814215302467346,97,-2.61308217048645,85000,145.21,-105.60617486000002
77099,-5.122372150421143,1.8336031436920166,0.0007,17100,3.372826337814331,871,0.4956921637058258,98,-2.5896832942962646,85500,144.7,-105.63531905000002
77199,-2.187352418899536,1.762560486793518,0.0007,17200,4.833079814910889,871,0.49603164196014404,98,-2.584768056869507,86000,144.53,-105.56902781999999
77299,-0.42510151863098145,0.1494317352771759,0.0007,17300,-0.9440099596977234,871,0.49586349725723267,99,-2.5856564044952393,86500,143.31,-105.46497761999998
77399,-0.05512714385986328,0.4046035706996918,0.0007,17400,1.257167100906372,871,0.4978475570678711,99,-2.6097819805145264,87000,142.64,-105.36324845000001
77499,-36.70466995239258,1.766582727432251,0.0007,17500,-2.5388782024383545,871,0.4985807538032532,100,-2.6117870807647705,87500,143.01,-105.35578587000003
77599,0.9376616477966309,0.007253503892570734,0.0007,17600,-0.11855492740869522,871,0.4963850975036621,100,-2.6017866134643555,88000,145.24,-105.51986591000001
77699,-37.95201873779297,0.42323723435401917,0.0007,17700,-1.469486117362976,871,0.49375486373901367,101,-2.586057424545288,88500,146.38,-105.68778083000002
77799,-13.322616577148438,0.36564505100250244,0.0007,17800,1.257188081741333,871,0.4947957992553711,102,-2.5949933528900146,89000,150.45,-106.14183803000002
77899,0.9298956990242004,0.05227343365550041,0.0007,17900,0.5414666533470154,871,0.49790582060813904,102,-2.6184918880462646,89500,153.25,-106.44037485000001
77999,-23.795547485351562,0.334910124540329,0.0007,18000,-1.0763405561447144,871,0.4995250999927521,103,-2.6293022632598877,90000,153.25,-106.44037485000001
78099,-3.469808578491211,0.17812830209732056,0.0007,18100,0.9304353594779968,871,0.5026515126228333,103,-2.6545331478118896,90500,161.93,-107.24453935000001
78199,-8.048701286315918,0.03614167496562004,0.0007,18200,0.20013265311717987,871,0.49924182891845703,104,-2.628910541534424,91000,163.52,-107.32749685
78299,-2.4971511363983154,0.054440565407276154,0.0007,18300,0.14034102857112885,871,0.49862903356552124,104,-2.6239113807678223,91500,164.38,-107.45217665000001
78399,-0.00011992454528808594,2.221035902039148e-05,0.0007,18400,-0.003553870366886258,871,0.49814921617507935,105,-2.6186065673828125,92000,166.95,-107.76588594
78499,-12.14868450164795,0.00752256391569972,0.0007,18500,-0.05916019156575203,871,0.4963301420211792,106,-2.6021652221679688,92500,166.95,-107.76588594
78599,-12.505836486816406,0.33398526906967163,0.0007,18600,-0.7746453881263733,871,0.49676838517189026,106,-2.617685079574585,93000,166.95,-107.76588594
78699,-1.6217172145843506,0.056849706918001175,0.0007,18700,-0.4236515164375305,872,0.4995136260986328,107,-2.640552282333374,93500,181.24,-109.24966977000003
78799,nan,9.094947017729282e-13,0.0007,18800,-0.0,872,0.5009305477142334,107,-2.650909423828125,94000,181.13,-109.67491074000002
78899,nan,0.0,0.0007,18900,-0.0,872,0.5009305477142334,108,-2.650909423828125,94500,181.13,-109.67491074000002
78999,nan,0.0,0.0007,19000,-0.0,872,0.5009305477142334,108,-2.650909423828125,95000,181.13,-109.67491074000002
79099,-5.713770389556885,0.04188483580946922,0.0007,19100,-0.05253112316131592,872,0.49730807542800903,109,-2.628375768661499,95500,180.04,-109.28977667999999
79199,0.8135867118835449,0.02098461426794529,0.0007,19200,-0.24275736510753632,872,0.5028954148292542,110,-2.6663551330566406,96000,181.27,-109.81915473
79299,0.2999999523162842,1.8189894306509108e-13,0.0007,19300,1.2462911627153517e-06,872,0.5021986961364746,110,-2.66231632232666,96500,181.15,-109.84104741999998
79399,nan,0.0,0.0007,19400,-0.0,872,0.5021986365318298,111,-2.66231632232666,97000,181.15,-109.84104741999998
79499,-6.125833988189697,0.012325762771070004,0.0007,19500,0.06260531395673752,872,0.5029969811439514,111,-2.678582191467285,97500,192.59,-111.22763845999998
79599,-605.4744262695312,0.0043927584774792194,0.0007,19600,-0.06693755835294724,872,0.5036903619766235,112,-2.6873157024383545,98000,195.88,-111.78293685999999
79699,-0.4842451810836792,0.010052943602204323,0.0007,19700,-0.15023504197597504,872,0.5035209655761719,112,-2.6859049797058105,98500,195.88,-111.78293685999999
79799,-4.8752121925354,0.014686672948300838,0.0007,19800,0.1387062519788742,872,0.5025537014007568,113,-2.671346664428711,99000,195.88,-111.78293685999999
79899,-13.579388618469238,0.269253134727478,0.0007,19900,1.5610774755477905,872,0.5035481452941895,114,-2.680640697479248,99500,201.25,-111.54300689999998
79999,-3.945195198059082,0.0015868479385972023,0.0007,20000,0.020490704104304314,872,0.5005210638046265,114,-2.659987449645996,100000,204.44,-112.18578719000003
80099,0.0,0.00016700952255632728,0.0007,20100,0.02833956480026245,872,0.499514102935791,115,-2.6491315364837646,100500,204.44,-112.18578719000003
80199,0.04431045055389404,0.05318592116236687,0.0007,20200,-0.48835644125938416,872,0.4962860345840454,115,-2.6244475841522217,101000,204.44,-112.18578719000003
80299,-33.993988037109375,0.016797740012407303,0.0007,20300,-0.1040688082575798,872,0.4959843158721924,116,-2.621464252471924,101500,217.31,-113.74635190000001
80399,0.7855689525604248,0.003579749958589673,0.0007,20400,0.1478101909160614,872,0.49653783440589905,116,-2.622241258621216,102000,216.11,-114.10397858
80499,0.7227287292480469,0.0062822820618748665,0.0007,20500,-0.23266902565956116,872,0.49684426188468933,117,-2.629474401473999,102500,218.86,-114.70149832999999
80599,-70.13838195800781,0.21905116736888885,0.0007,20600,-0.6859208941459656,872,0.5001585483551025,118,-2.654916763305664,103000,223.1,-115.71047983999999
80699,-3.4932265281677246,0.002358889440074563,0.0007,20700,0.13607579469680786,872,0.49999576807022095,118,-2.647813081741333,103500,227.53,-116.45042713000002
80799,-3.737424850463867,0.006017780862748623,0.0007,20800,-0.14204521477222443,872,0.4983675479888916,119,-2.640054702758789,104000,229.57,-116.98821905999999
80899,-56.8124885559082,0.009165423922240734,0.0007,20900,0.12526719272136688,872,0.49978214502334595,119,-2.6560847759246826,104500,232.98,-117.62327004000002
80999,-9.727359771728516,0.0007999969529919326,0.0007,21000,-0.049233824014663696,872,0.4984315037727356,120,-2.6404037475585938,105000,235.81,-118.24026727
81099,-13.452018737792969,0.47760334610939026,0.0007,21100,-2.1033272743225098,873,0.4950379729270935,120,-2.624210834503174,105500,243.98,-119.21554142
81199,-6.015818119049072,0.41617870330810547,0.0007,21200,-1.3524116277694702,873,0.4951391816139221,121,-2.6245782375335693,106000,242.46,-119.46445755
81299,-0.8476568460464478,0.0012475451221689582,0.0007,21300,-0.03286119922995567,873,0.494745671749115,121,-2.6232259273529053,106500,243.66,-120.27041782000002
81399,-14.064848899841309,0.10209192335605621,0.0007,21400,-0.8918462991714478,872,0.49265357851982117,122,-2.608663320541382,107000,246.1,-121.07565315
81499,-0.8145819902420044,0.0015571893891319633,0.0007,21500,0.06390980631113052,873,0.49120330810546875,123,-2.5917298793792725,107500,243.63,-120.98878488
81599,-3.0285263061523438,0.05491602420806885,0.0007,21600,-0.43706846237182617,873,0.4875541627407074,123,-2.5567197799682617,108000,241.95,-121.00695146999999
81699,-3.904599666595459,0.3695636987686157,0.0007,21700,1.2498317956924438,873,0.4899882674217224,124,-2.5762882232666016,108500,241.95,-121.11035316999998
81799,0.11037212610244751,4044.223876953125,0.0007,21800,-79.64592742919922,873,0.49117791652679443,124,-2.5767648220062256,109000,240.18,-121.14964316999998
81899,-0.25491440296173096,0.009578481316566467,0.0007,21900,-0.08948425203561783,873,0.4932774305343628,125,-2.597616672515869,109500,240.46,-121.44380065000003
81999,0.7797285318374634,0.03309948369860649,0.0007,22000,-0.4742428958415985,873,0.4874746799468994,125,-2.5411183834075928,110000,241.67,-121.70556091
82099,-3.326150417327881,0.3656565845012665,0.0007,22100,-1.6787351369857788,873,0.48887044191360474,126,-2.5446507930755615,110500,241.73,-121.94127182000003
82199,-48.46260070800781,1.2277342081069946,0.0007,22200,2.4992003440856934,873,0.4875713884830475,127,-2.5360021591186523,111000,239.62,-122.46494768999999
82299,-31.575389862060547,0.3452688753604889,0.0007,22300,-0.712044894695282,872,0.48758700489997864,127,-2.5389153957366943,111500,236.37,-122.65899762999999
82399,0.1745632290840149,0.019858529791235924,0.0007,22400,-0.27240487933158875,872,0.4866449236869812,128,-2.5359926223754883,112000,233.75,-122.64050043000003
82499,0.11555981636047363,3998.583984375,0.0007,22500,-92.62747955322266,872,0.4847489893436432,128,-2.5153605937957764,112500,219.06,-121.89402603999999
82599,-8.326047897338867,0.00031434709671884775,0.0007,22600,-0.04414072260260582,872,0.484096884727478,129,-2.508345127105713,113000,218.89,-121.93790776
82699,-69.94481658935547,0.5939961671829224,0.0007,22700,-1.8854904174804688,872,0.48529675602912903,130,-2.5040650367736816,113500,223.7,-122.43146238000001
82799,-5.9283552169799805,0.1813788264989853,0.0007,22800,-0.9810423254966736,872,0.48709771037101746,130,-2.5075483322143555,114000,187.46,-119.51766251000001
82899,0.3713924288749695,875.9226684570312,0.0007,22900,-13.693193435668945,872,0.4880291223526001,131,-2.5050740242004395,114500,167.68,-117.39682864000001
82999,0.0279085636138916,3698.571044921875,0.0007,23000,-142.64279174804688,872,0.48654675483703613,131,-2.496859312057495,115000,132.41,-114.79291501
83099,-1.8768155574798584,0.05898948386311531,0.0007,23100,0.28047680854797363,872,0.48385247588157654,132,-2.4728810787200928,115500,121.01,-112.63070568999997
83199,-35.29299545288086,0.13003228604793549,0.0007,23200,0.2012200802564621,872,0.4850384593009949,132,-2.478414535522461,116000,104.17,-109.94398335
83299,0.740911602973938,0.05209732800722122,0.0007,23300,0.7421674132347107,872,0.48288044333457947,133,-2.447788715362549,116500,101.29,-109.08019243999999
83399,0.4612523317337036,0.03357357904314995,0.0007,23400,0.2535954415798187,872,0.4846736490726471,134,-2.451085090637207,117000,98.23,-108.49132738
83499,0.13024091720581055,1.4628067219746299e-05,0.0007,23500,0.003102875780314207,872,0.48334288597106934,134,-2.433929920196533,117500,99.35,-108.60475913
83599,-0.021331310272216797,1.4144206033961382e-05,0.0007,23600,0.00020930841856170446,872,0.48078712821006775,135,-2.4010684490203857,118000,99.35,-108.60475913
83699,-5.5651397705078125,0.0001104506227420643,0.0007,23700,0.02164500020444393,872,0.48136281967163086,135,-2.380608558654785,118500,99.35,-108.60475913
83799,0.3945123553276062,0.05586657673120499,0.0007,23800,-0.4317736327648163,872,0.48159903287887573,136,-2.3785247802734375,119000,113.24,-108.85829849
83899,0.9296206831932068,0.012172427959740162,0.0007,23900,0.2472214698791504,871,0.47800540924072266,137,-2.349504232406616,119500,110.49,-108.46879441000002
83999,-8.970410346984863,0.1885094940662384,0.0007,24000,0.9417845010757446,871,0.48015815019607544,137,-2.366533041000366,120000,110.33,-108.36185839
84099,0.7424877882003784,0.31995806097984314,0.0007,24100,-1.766317367553711,871,0.48050639033317566,138,-2.3724365234375,120500,110.19,-108.10996962000002
84199,0.9837756156921387,0.00024061626754701138,0.0007,24200,0.026680057868361473,871,0.4778505563735962,138,-2.343477725982666,121000,110.02,-107.92131839000001
84299,-0.19253838062286377,1.4846137673885096e-05,0.0007,24300,-0.007417980581521988,871,0.47705456614494324,139,-2.332249164581299,121500,110.82,-107.93355477000001
84399,-1.2755393981933594e-05,0.0010470895795151591,0.0007,24400,0.05572587251663208,871,0.4766365885734558,139,-2.312591314315796,122000,110.82,-107.93355477000001
84499,0.9624694585800171,0.013451853767037392,0.0007,24500,0.13128440082073212,871,0.4742300510406494,140,-2.295102119445801,122500,118.87,-108.50483452999998
84599,0.2001628875732422,0.06057176738977432,0.0007,24600,0.46501603722572327,871,0.4749153256416321,141,-2.287382125854492,123000,123.13,-108.64629635
84699,-5.197556018829346,0.08541678637266159,0.0007,24700,-0.5203730463981628,871,0.474507212638855,141,-2.2812275886535645,123500,121.59,-108.19001007000001
84799,-0.658930778503418,0.25137749314308167,0.0007,24800,-0.5571433901786804,871,0.4770001769065857,142,-2.2912118434906006,124000,123.84,-108.13112514999999
84899,0.6962429881095886,0.03239896148443222,0.0007,24900,-0.3938448429107666,871,0.47669216990470886,142,-2.2921528816223145,124500,123.83,-107.84861909999998
84999,0.4109340310096741,0.018780214712023735,0.0007,25000,0.41144677996635437,871,0.4741753339767456,143,-2.2599823474884033,125000,123.81,-107.77121062999998
85099,0.14641612768173218,0.02761944942176342,0.0007,25100,0.17171242833137512,871,0.4740157723426819,143,-2.2662956714630127,125500,121.14,-107.01860908999997
85199,-0.16948699951171875,0.00017532244964968413,0.0007,25200,0.010982762090861797,871,0.47497010231018066,144,-2.2718560695648193,126000,121.11,-106.95357055000001
85299,0.24488478899002075,0.006272740662097931,0.0007,25300,0.2365293800830841,871,0.4731098413467407,145,-2.2428364753723145,126500,121.11,-106.95357055000001
85399,-3.7789344787597656e-05,0.001359259127639234,0.0007,25400,-0.06000776216387749,871,0.47237056493759155,145,-2.239248037338257,127000,130.85,-107.48505081000002
85499,-3.752037525177002,0.013021905906498432,0.0007,25500,-0.23065534234046936,871,0.47313228249549866,146,-2.2421376705169678,127500,134.74,-107.58341059000003
85599,-5.27684211730957,0.023825185373425484,0.0007,25600,0.14267770946025848,871,0.46992671489715576,146,-2.217744827270508,128000,137.34,-107.31162299999998
85699,-5733.22802734375,0.22181859612464905,0.0007,25700,-0.4135523736476898,871,0.4658046364784241,147,-2.190419912338257,128500,135.77,-106.21964193000004
85799,0.30740678310394287,0.17456817626953125,0.0007,25800,0.8434285521507263,871,0.4636918902397156,147,-2.166443347930908,129000,135.51,-106.17919847000002
85899,-1.0770518779754639,0.002946438966318965,0.0007,25900,-0.17200042307376862,871,0.4590257406234741,148,-2.1236817836761475,129500,135.51,-106.17919847000002
85999,0.05230790376663208,0.0009546377696096897,0.0007,26000,-0.06839574873447418,871,0.45076942443847656,149,-2.05523681640625,130000,135.51,-106.17919847000002
86099,-130.25856018066406,11.015006065368652,0.0007,26100,-6.545945644378662,871,0.44479483366012573,149,-2.0008034706115723,130500,150.23,-106.47316489999999
86199,-0.0070645809173583984,0.0002705806400626898,0.0007,26200,0.02418246865272522,871,0.43884068727493286,150,-1.9517742395401,131000,150.23,-106.47316489999999
86299,0.08383119106292725,0.0004964303807355464,0.0007,26300,-0.04378889128565788,871,0.43110954761505127,150,-1.8876453638076782,131500,150.23,-106.47316489999999
86399,-0.14137589931488037,0.000691935361828655,0.0007,26400,-0.043581634759902954,871,0.4264339804649353,151,-1.83995521068573,132000,150.23,-106.47316489999999
86499,-4.450636386871338,0.5777080655097961,0.0007,26500,0.5523406863212585,871,0.4276677966117859,151,-1.85030198097229,132500,164.3,-106.64109198
86599,-7.564963340759277,0.0022855144925415516,0.0007,26600,-0.037487972527742386,871,0.42691200971603394,152,-1.841722846031189,133000,164.14,-106.36591232
86699,-4.030125141143799,0.43067511916160583,0.0007,26700,0.8781739473342896,871,0.4252833127975464,153,-1.8308948278427124,133500,166.28,-106.33105007
86799,-0.004603028297424316,0.001987336203455925,0.0007,26800,0.08982499688863754,871,0.4207720160484314,153,-1.7832773923873901,134000,166.28,-106.33105007
86899,0.0,0.0002009355230256915,0.0007,26900,0.008557433262467384,871,0.4138188362121582,154,-1.7137069702148438,134500,166.28,-106.33105007
86999,-10.36828327178955,3.2736098766326904,0.0007,27000,-2.2628626823425293,871,0.4095957279205322,154,-1.6640876531600952,135000,181.31,-106.33736292999998
87099,0.565814733505249,0.7528416514396667,0.0007,27100,2.0116539001464844,871,0.41089770197868347,155,-1.6767657995224,135500,166.3,-106.24646711
87199,-2.559576988220215,0.0619996152818203,0.0007,27200,0.1059725284576416,871,0.4133637547492981,156,-1.6965137720108032,136000,166.86,-106.00068231000002
87299,-2.2838597297668457,1.6270579099655151,0.0007,27300,-1.7610613107681274,871,0.4135921001434326,156,-1.6802009344100952,136500,170.91,-106.14724455000004
87399,-0.025345206260681152,0.44125494360923767,0.0007,27400,0.7348623275756836,871,0.414145290851593,157,-1.6936250925064087,137000,172.45,-106.11287016000001
87499,-255.674072265625,4.928623199462891,0.0007,27500,-3.1608211994171143,871,0.4136635661125183,157,-1.684875726699829,137500,175.13,-106.45162962000002
87599,-1.0000519752502441,0.002998756244778633,0.0007,27600,0.01181058119982481,871,0.41376617550849915,158,-1.6930283308029175,138000,174.35,-106.62002089000002
87699,0.8729696273803711,0.04483761265873909,0.0007,27700,0.3267861306667328,871,0.41208669543266296,158,-1.677557349205017,138500,178.85,-106.92525437999998
87799,-0.039531826972961426,0.3268910050392151,0.0007,27800,1.4615144729614258,871,0.4100576639175415,159,-1.6571658849716187,139000,178.86,-106.63204740999998
87899,0.7262579798698425,0.050701435655355453,0.0007,27900,0.19110433757305145,871,0.4141974449157715,160,-1.6923831701278687,139500,171.73,-106.00465985999999
87999,-18.91849136352539,0.021811479702591896,0.0007,28000,0.12708458304405212,871,0.413033127784729,160,-1.682299017906189,140000,173.26,-106.10448723000002
88099,0.14551377296447754,0.13995282351970673,0.0007,28100,0.8252798318862915,871,0.4110170900821686,161,-1.6636284589767456,140500,179.07,-106.42717732999999
88199,-3.5978102684020996,0.6862090826034546,0.0007,28200,-1.100171685218811,871,0.41141533851623535,161,-1.669441819190979,141000,177.73,-106.12821892
88299,-4.702241897583008,1.8569456338882446,0.0007,28300,-2.326272487640381,871,0.41225236654281616,162,-1.6692241430282593,141500,181.04,-106.14867821999998
88399,-3.8355331420898438,0.17358505725860596,0.0007,28400,0.3435926139354706,871,0.41180938482284546,162,-1.6810802221298218,142000,178.88,-105.99248081000002
88499,0.767259955406189,0.025588292628526688,0.0007,28500,0.17101989686489105,871,0.4089006781578064,163,-1.6566336154937744,142500,179.61,-105.94265001000002
88599,-0.4688692092895508,0.04488978534936905,0.0007,28600,0.26572662591934204,871,0.40655672550201416,164,-1.6339634656906128,143000,176.27,-105.64889122000001
88699,-0.9146019220352173,0.02862495742738247,0.0007,28700,0.026658177375793457,871,0.4036739468574524,164,-1.6070959568023682,143500,176.27,-105.64889122000001
88799,0.7619147896766663,0.057465560734272,0.0007,28800,0.48914629220962524,871,0.40196698904037476,165,-1.5813394784927368,144000,187.46,-106.19835991000002
88899,-86.9365005493164,0.3198036253452301,0.0007,28900,-0.33830055594444275,871,0.40326225757598877,165,-1.5877232551574707,144500,189.81,-106.19096737
88999,0.086345374584198,4538.6123046875,0.0007,29000,-135.0507354736328,871,0.4033292829990387,166,-1.5863548517227173,145000,181.32,-105.55694479
89099,0.9918022155761719,0.15686635673046112,0.0007,29100,-0.2575649619102478,871,0.4022167921066284,166,-1.5761127471923828,145500,177.4,-105.29395150999999
89199,-35.97291564941406,0.07973959296941757,0.0007,29200,0.23591576516628265,871,0.4003313481807709,167,-1.5664623975753784,146000,178.97,-105.55345292
89299,-0.4980200529098511,0.004598661791533232,0.0007,29300,-0.12695704400539398,871,0.3983556032180786,168,-1.5463173389434814,146500,178.97,-105.55345292
89399,0.493677020072937,0.24990935623645782,0.0007,29400,0.5943757891654968,871,0.39750611782073975,168,-1.5436712503433228,147000,189.32,-106.11327295999999
89499,0.8042895793914795,0.010746382176876068,0.0007,29500,-0.033565111458301544,871,0.3977583050727844,169,-1.5486724376678467,147500,191.59,-106.21833456999998
89599,0.12387698888778687,0.015015269629657269,0.0007,29600,0.02551443688571453,871,0.3995465338230133,169,-1.5705876350402832,148000,192.22,-106.25521614000002
89699,-5.770406723022461,0.31981778144836426,0.0007,29700,0.6193507313728333,871,0.3979009985923767,170,-1.552343726158142,148500,192.22,-106.25521614000002
89799,0.7935969829559326,0.002283289795741439,0.0007,29800,-0.05119742080569267,871,0.39894139766693115,170,-1.559408187866211,149000,198.41,-106.45401969000002
89899,0.153844952583313,0.004720115568488836,0.0007,29900,0.029614567756652832,871,0.40046101808547974,171,-1.5758531093597412,149500,198.41,-106.45401969000002
89999,-0.6666444540023804,0.04893772304058075,0.0007,30000,-0.12634889781475067,871,0.3977464437484741,172,-1.55324125289917,150000,209.61,-106.85135404000005
90099,-3.0863356590270996,0.011907631531357765,0.0007,30100,-0.060890745371580124,871,0.3969557285308838,172,-1.5353883504867554,150500,209.61,-106.85135404000005
90199,-0.5609397888183594,0.5120049118995667,0.0007,30200,-0.5763009190559387,871,0.3978862762451172,173,-1.5375686883926392,151000,188.5,-106.60506236000003
90299,0.5117052793502808,0.08228778839111328,0.0007,30300,-0.39576300978660583,871,0.39644911885261536,173,-1.5310626029968262,151500,189.27,-106.44370426000002
90399,0.8709853291511536,0.020093843340873718,0.0007,30400,-0.10429061949253082,871,0.3953307271003723,174,-1.5197241306304932,152000,188.45,-106.29933209
90499,-0.741855263710022,0.0191850233823061,0.0007,30500,0.20340056717395782,871,0.39638397097587585,174,-1.5194743871688843,152500,188.27,-106.31211029999999
90599,-3.6089024543762207,0.007413299288600683,0.0007,30600,-0.0665350928902626,871,0.39650440216064453,175,-1.5141557455062866,153000,188.27,-106.31211029999999
90699,-36.9554443359375,0.08480025827884674,0.0007,30700,0.34362420439720154,871,0.39808785915374756,176,-1.5337865352630615,153500,188.27,-106.31211029999999
90799,0.20873522758483887,0.02566426433622837,0.0007,30800,0.08749964088201523,871,0.39867687225341797,176,-1.5466135740280151,154000,188.58,-107.08758620999997
90899,-9.248769760131836,0.11688536405563354,0.0007,30900,0.41750040650367737,871,0.399860680103302,177,-1.5499423742294312,154500,190.14,-106.56846128999997
90999,-1.0467557907104492,0.05751775577664375,0.0007,31000,-0.385267972946167,871,0.4011118412017822,177,-1.5556542873382568,155000,190.14,-106.56846128999997
91099,-0.8675320148468018,0.2446339875459671,0.0007,31100,0.30960068106651306,871,0.3980482816696167,178,-1.532918930053711,155500,196.48,-107.03428935
91199,-2.0815465450286865,0.007214193232357502,0.0007,31200,0.05332673341035843,871,0.3967755138874054,178,-1.5221108198165894,156000,196.81,-107.08758680000001
91299,0.6588160991668701,0.173489511013031,0.0007,31300,0.5738324522972107,871,0.39499586820602417,179,-1.4884545803070068,156500,199.19,-107.08550299999999
91399,0.8332822918891907,0.014806153252720833,0.0007,31400,0.22400978207588196,871,0.3932230472564697,180,-1.4768385887145996,157000,197.41,-106.93946202999997
91499,0.9190472364425659,0.006690391339361668,0.0007,31500,0.05635663866996765,871,0.392784059047699,180,-1.4712278842926025,157500,197.67,-107.03559403000001
91599,-18.856735229492188,0.049965858459472656,0.0007,31600,-0.010537946596741676,871,0.39249753952026367,181,-1.461879014968872,158000,194.31,-106.68099425
91699,-2.461409568786621,0.11725785583257675,0.0007,31700,-0.560462474822998,871,0.39095211029052734,181,-1.4633433818817139,158500,193.25,-106.86346947000001
91799,-0.04526400566101074,0.007185511291027069,0.0007,31800,0.09976976364850998,871,0.3885028064250946,182,-1.4464606046676636,159000,192.73,-106.62048773999999
91899,0.5172370076179504,0.01531995553523302,0.0007,31900,0.08962985873222351,871,0.3897046446800232,182,-1.4505523443222046,159500,192.73,-106.62048773999999
91999,-0.09052813053131104,0.003319898620247841,0.0007,32000,0.03306235000491142,871,0.3868039846420288,183,-1.4305870532989502,160000,192.73,-106.62048773999999
92099,0.07186758518218994,7512.41015625,0.0007,32100,-121.41239166259766,871,0.38679254055023193,184,-1.4252698421478271,160500,201.26,-106.96036613999999
92199,-1.650660753250122,0.020735805854201317,0.0007,32200,-0.4004580080509186,871,0.3862032890319824,184,-1.4270528554916382,161000,200.32,-106.97252407
92299,-0.10289168357849121,0.015904361382126808,0.0007,32300,-0.2162323296070099,871,0.3881363272666931,185,-1.4310705661773682,161500,200.32,-106.97252407
92399,-1.684068202972412,0.08209720999002457,0.0007,32400,0.14153553545475006,871,0.3891317844390869,185,-1.4409515857696533,162000,206.42,-107.59127173000003
92499,0.11618649959564209,0.8772268295288086,0.0007,32500,-1.5675090551376343,871,0.3890106678009033,186,-1.4427597522735596,162500,208.09,-108.09756554000002
92599,0.9027851819992065,0.007553612347692251,0.0007,32600,-0.01651233807206154,871,0.38893306255340576,186,-1.4257888793945312,163000,208.42,-108.1315004
92699,0.8014744520187378,0.027134452015161514,0.0007,32700,-0.03996605426073074,871,0.3890610933303833,187,-1.427643060684204,163500,210.16,-108.28498258999998
92799,-4.399209976196289,0.014079061336815357,0.0007,32800,-0.1851876676082611,871,0.3879552185535431,188,-1.4219945669174194,164000,210.16,-108.28498258999998
92899,-0.618319034576416,0.20177112519741058,0.0007,32900,0.20498068630695343,871,0.38462668657302856,188,-1.3951433897018433,164500,217.76,-108.53756462999999
92999,0.6992690563201904,0.3485071063041687,0.0007,33000,0.3250283896923065,871,0.3856058418750763,189,-1.4085352420806885,165000,205.98,-108.08299231999999
93099,0.2844480276107788,0.0065343487076461315,0.0007,33100,0.0863478034734726,871,0.38607802987098694,189,-1.405339241027832,165500,206.38,-108.01312342999998
93199,-5.696939468383789,0.011529861949384212,0.0007,33200,0.05823514610528946,871,0.38793784379959106,190,-1.414513111114502,166000,213.55,-108.39040669999999
93299,0.4453008770942688,0.017416810616850853,0.0007,33300,0.1451132744550705,871,0.38707780838012695,190,-1.4137942790985107,166500,213.55,-108.39040669999999
93399,-1.6070425510406494,0.012205815874040127,0.0007,33400,0.08562564849853516,871,0.3873516619205475,191,-1.4134795665740967,167000,213.55,-108.39040669999999
93499,0.35268962383270264,0.05073479562997818,0.0007,33500,0.032134197652339935,871,0.3867294490337372,192,-1.411193609237671,167500,228.33,-108.19426134999999
93599,-3.4056625366210938,0.01951046846807003,0.0007,33600,-0.28709954023361206,872,0.3874586224555969,192,-1.4148030281066895,168000,227.96,-108.26304642
93699,0.47845566272735596,0.041731804609298706,0.0007,33700,0.2749687731266022,872,0.3851228952407837,193,-1.3952888250350952,168500,227.96,-108.26304642
93799,0.5772321224212646,0.09461557865142822,0.0007,33800,0.4552149772644043,872,0.38413819670677185,193,-1.387584924697876,169000,227.96,-108.26304642
93899,-0.7250596284866333,0.007536029908806086,0.0007,33900,-0.08309134095907211,872,0.3847828805446625,194,-1.3945229053497314,169500,243.12,-107.85289258
93999,-4.8764801025390625,0.11107100546360016,0.0007,34000,-0.4195869565010071,872,0.38404610753059387,194,-1.3824809789657593,170000,243.12,-107.85289258
94099,-49.921295166015625,0.8426128625869751,0.0007,34100,-1.1116695404052734,872,0.38502946496009827,195,-1.3851351737976074,170500,254.82,-108.24339112999998
94199,-50.15095138549805,0.6049167513847351,0.0007,34200,-2.3381519317626953,872,0.3862096667289734,196,-1.3975794315338135,171000,255.29,-108.27731392999998
94299,-6.856616497039795,0.190688356757164,0.0007,34300,0.6945368051528931,872,0.3860793113708496,196,-1.3955681324005127,171500,259.46,-108.41864726
94399,0.6365480422973633,0.0035803020000457764,0.0007,34400,-0.06607841700315475,872,0.38768789172172546,197,-1.4126180410385132,172000,259.46,-108.41864726
94499,-8.121482849121094,0.025574294850230217,0.0007,34500,-0.044723279774188995,872,0.3878003656864166,197,-1.4244141578674316,172500,259.46,-108.41864726
94599,-7.590238571166992,0.16069680452346802,0.0007,34600,0.2942667305469513,872,0.3876935541629791,198,-1.427844762802124,173000,259.46,-108.41864726
94699,0.6926002502441406,0.08493059128522873,0.0007,34700,-0.10765626281499863,872,0.38780510425567627,198,-1.4305962324142456,173500,277.76,-108.09550083
94799,-4.707108020782471,0.03342102840542793,0.0007,34800,-0.22280524671077728,872,0.3879595696926117,199,-1.4316236972808838,174000,267.98,-107.50220233
94899,0.04788243770599365,0.00894643273204565,0.0007,34900,0.07585317641496658,872,0.3853910565376282,200,-1.4032753705978394,174500,271.16,-107.69695408000001
94999,-10.737492561340332,0.44965043663978577,0.0007,35000,-0.8318802118301392,872,0.38655030727386475,200,-1.409051775932312,175000,273.55,-107.87862313999999
95099,0.8806219696998596,0.17918796837329865,0.0007,35100,-0.3758488595485687,872,0.38188743591308594,201,-1.365684151649475,175500,247.17,-106.66650583999999
95199,0.11158829927444458,0.07637675106525421,0.0007,35200,0.4350149631500244,872,0.3818383812904358,201,-1.359877109527588,176000,248.04,-107.06087722000001
95299,-0.45533525943756104,0.006852589547634125,0.0007,35300,-0.13190044462680817,872,0.3825153708457947,202,-1.3671520948410034,176500,248.04,-107.06087722000001
95399,0.26301246881484985,0.08758606761693954,0.0007,35400,0.38288363814353943,872,0.3857731819152832,202,-1.4037413597106934,177000,248.04,-107.06087722000001
95499,-5.3938798904418945,0.18870355188846588,0.0007,35500,0.28186821937561035,872,0.3863886594772339,203,-1.412236213684082,177500,259.49,-107.60759126
95599,0.819943904876709,0.005099482834339142,0.0007,35600,0.08024173974990845,872,0.38549184799194336,204,-1.4076560735702515,178000,262.49,-107.78698329000001
95699,0.5014393329620361,0.1226452961564064,0.0007,35700,0.22213898599147797,872,0.38648271560668945,204,-1.421377420425415,178500,262.74,-107.88492448999999
95799,0.876769483089447,0.6143980026245117,0.0007,35800,0.901017963886261,872,0.38567519187927246,205,-1.4157156944274902,179000,236.45,-106.64714719
95899,0.6796256899833679,0.01687745563685894,0.0007,35900,-0.06631671637296677,872,0.384695827960968,205,-1.409708023071289,179500,231.36,-106.33841095000001
95999,-8.882755279541016,1.4207735061645508,0.0007,36000,-3.8824493885040283,872,0.3840067386627197,206,-1.4000085592269897,180000,231.32,-106.40458904
96099,-6.3246588706970215,0.3523847460746765,0.0007,36100,-0.3972374498844147,872,0.3845634460449219,206,-1.4010851383209229,180500,231.32,-106.40458904
96199,-0.10851085186004639,0.001730227144435048,0.0007,36200,-0.02528873085975647,872,0.3844044804573059,207,-1.4094680547714233,181000,237.84,-106.7440618
96299,0.1151171326637268,4588.85400390625,0.0007,36300,-75.87652587890625,872,0.38289690017700195,208,-1.3999581336975098,181500,241.86,-106.60245336
96399,-0.771222710609436,0.008732783608138561,0.0007,36400,0.04841150715947151,872,0.3844534158706665,208,-1.4209442138671875,182000,242.12,-106.60749898
96499,0.6774150133132935,0.0006744562997482717,0.0007,36500,0.012877467088401318,872,0.3848831355571747,209,-1.4168182611465454,182500,242.12,-106.60749898
96599,-4.129575729370117,0.0492631196975708,0.0007,36600,0.21023030579090118,872,0.38498929142951965,209,-1.4113308191299438,183000,242.12,-106.60749898
96699,0.6786758303642273,0.06766402721405029,0.0007,36700,0.34391874074935913,872,0.383309006690979,210,-1.3862335681915283,183500,255.12,-107.29463731000001
96799,-0.08072423934936523,0.04486938938498497,0.0007,36800,-0.1098107323050499,872,0.38517001271247864,210,-1.4034807682037354,184000,256.86,-107.34869981000001
96899,-6.926674842834473,0.04249107465147972,0.0007,36900,0.5267204642295837,872,0.38509923219680786,211,-1.3947843313217163,184500,257.63,-107.37268702000001
96999,-3.032177448272705,0.08477619290351868,0.0007,37000,-0.05818973109126091,872,0.3875259459018707,212,-1.412859559059143,185000,257.63,-107.37268702000001
97099,-5.29379415512085,0.4621872007846832,0.0007,37100,-1.0207072496414185,872,0.38653498888015747,212,-1.4079968929290771,185500,267.01,-107.5115214
97199,0.6947914361953735,0.017176156863570213,0.0007,37200,-0.2697988748550415,872,0.38685646653175354,213,-1.4147255420684814,186000,256.29,-106.82764451000001
97299,-0.6901028156280518,0.08226349204778671,0.0007,37300,0.26845782995224,872,0.3873436152935028,213,-1.4205520153045654,186500,248.18,-106.56712972999999
97399,-104.82698059082031,4.768274784088135,0.0007,37400,1.8060051202774048,872,0.3886617422103882,214,-1.4340581893920898,187000,245.31,-105.88051752999999
97499,-8.673245429992676,0.28737184405326843,0.0007,37500,-0.07981304079294205,872,0.38655030727386475,214,-1.3970040082931519,187500,245.7,-105.94153768
97599,0.8219231367111206,0.03707901015877724,0.0007,37600,-0.10986413061618805,872,0.3877011835575104,215,-1.4151010513305664,188000,244.71,-105.81210932999998
97699,0.8532719016075134,0.004675309639424086,0.0007,37700,-0.16310246288776398,872,0.3870980441570282,216,-1.4127877950668335,188500,235.95,-105.79357266000001
97799,0.8056145906448364,0.011604062281548977,0.0007,37800,-0.14925037324428558,872,0.3883530795574188,216,-1.4259257316589355,189000,214.3,-105.57248991
97899,0.9998027086257935,7.451418696291512e-06,0.0007,37900,-0.0017371781868860126,872,0.3900456726551056,217,-1.4403570890426636,189500,182.86,-105.40864791000001
97999,0.9965495467185974,0.0003352055500727147,0.0007,38000,-0.001929973135702312,872,0.39063137769699097,217,-1.4418169260025024,190000,164.1,-105.60184484999999
98099,0.5494344234466553,0.03473688289523125,0.0007,38100,-0.17507290840148926,872,0.38896459341049194,218,-1.4184592962265015,190500,157.08,-105.360941
98199,-16.613943099975586,0.19711191952228546,0.0007,38200,-0.157250314950943,872,0.39145150780677795,218,-1.428599238395691,191000,154.5,-105.34669599
98299,-2.0993947982788086,0.6227409243583679,0.0007,38300,0.9485248923301697,872,0.3933526277542114,219,-1.4427721500396729,191500,141.3,-104.75848454000001
98399,0.9688219428062439,0.005501101724803448,0.0007,38400,0.1099654957652092,872,0.3963069021701813,220,-1.4725614786148071,192000,138.59,-104.84465974999999
98499,0.9985678195953369,0.0007395956781692803,0.0007,38500,0.02023887448012829,872,0.3969517946243286,220,-1.4762852191925049,192500,138.52,-104.94164101000003
98599,-100.82637023925781,3.077747106552124,0.0007,38600,0.4619520306587219,872,0.39758145809173584,221,-1.4828119277954102,193000,140.87,-105.24701504000002
98699,-5.780581474304199,1.5974218845367432,0.0007,38700,-1.7464584112167358,872,0.3996933400630951,221,-1.501475214958191,193500,142.32,-105.04077365
98799,0.9834513664245605,0.0010261579882353544,0.0007,38800,0.03158854320645332,872,0.4010196626186371,222,-1.5127832889556885,194000,140.75,-105.04980198
98899,-6.312057971954346,0.7167373299598694,0.0007,38900,0.8548194766044617,872,0.4008670747280121,223,-1.508278727531433,194500,130.67,-105.14094438000001
98999,-9.205300331115723,0.31107816100120544,0.0007,39000,0.7118136286735535,872,0.4029157757759094,223,-1.5227466821670532,195000,116.46,-104.45799115
99099,0.8870914578437805,0.007201774511486292,0.0007,39100,0.14473533630371094,872,0.4033830761909485,224,-1.523328185081482,195500,114.68,-104.45128596999999
99199,0.9631717801094055,0.010797928087413311,0.0007,39200,0.19009248912334442,872,0.40640515089035034,224,-1.5337508916854858,196000,102.48,-104.53530719999999
99299,0.8906269073486328,0.0011791407596319914,0.0007,39300,0.07225433737039566,872,0.4073299169540405,225,-1.535569190979004,196500,101.89,-104.54029753
99399,-123.22222900390625,0.032231640070676804,0.0007,39400,0.2987998127937317,872,0.406673401594162,225,-1.5310138463974,197000,105.06,-104.93705299
99499,-18.485851287841797,0.4720171093940735,0.0007,39500,1.2175281047821045,872,0.4050906002521515,226,-1.5173320770263672,197500,107.85,-105.22729557000002
99599,0.9967554807662964,0.00033187406370416284,0.0007,39600,0.0077229454182088375,872,0.4040595591068268,226,-1.4999650716781616,198000,107.93,-105.39818645000003
99699,-1.1980609893798828,0.005050176754593849,0.0007,39700,0.04342438653111458,872,0.4030836224555969,227,-1.4867082834243774,198500,107.11,-105.51144153000001
99799,-40.99055480957031,0.21527419984340668,0.0007,39800,-0.6023460626602173,872,0.40550756454467773,227,-1.5020623207092285,199000,111.61,-105.91320594999998
99899,-32.73883056640625,0.10049811750650406,0.0007,39900,0.32106271386146545,872,0.40417155623435974,228,-1.4738448858261108,199500,114.15,-106.04560998
99999,0.41730207204818726,0.058496471494436264,0.0007,40000,0.3776831328868866,873,0.4041730463504791,229,-1.4662959575653076,200000,116.45,-106.17293074000001
100099,-12.7750825881958,0.1829531043767929,0.0007,40100,-0.07620958238840103,873,0.4049813151359558,229,-1.4766758680343628,200500,115.93,-106.06684545000002
100199,0.036432504653930664,4.82796158607357e-09,0.0007,40200,-0.00010878724424401298,873,0.40559786558151245,230,-1.4779800176620483,201000,115.93,-106.06684545000002
100299,0.3333333134651184,1.000444171950221e-11,0.0007,40300,-7.227253718156135e-06,873,0.4055972099304199,230,-1.477975606918335,201500,115.93,-106.06684545000002
100399,-15.850824356079102,0.19213443994522095,0.0007,40400,-0.4511612355709076,873,0.40386396646499634,231,-1.457525610923767,202000,130.83,-106.52665933000002
100499,nan,0.0,0.0007,40500,-0.0,873,0.40275341272354126,231,-1.457322359085083,202500,130.83,-106.52665933000002
100599,nan,0.0,0.0007,40600,-0.0,873,0.40275341272354126,232,-1.457322359085083,203000,130.83,-106.52665933000002
100699,nan,0.0,0.0007,40700,-0.0,873,0.40275365114212036,232,-1.4573249816894531,203500,130.83,-106.52665933000002
100799,0.0,9.307037544203922e-06,0.0007,40800,0.003396992338821292,873,0.4016478657722473,233,-1.4478622674942017,204000,146.05,-107.16388332000002
100899,nan,1.4551915445207286e-12,0.0007,40900,2.058839299934334e-06,874,0.4055539071559906,233,-1.476082682609558,204500,146.05,-107.16388332000002
100999,0.533333420753479,1.8189894035458565e-12,0.0007,41000,-4.929686951982148e-07,874,0.40555429458618164,234,-1.4760851860046387,205000,146.05,-107.16388332000002
101099,-5.240263938903809,0.01809847168624401,0.0007,41100,0.33887338638305664,874,0.40188542008399963,235,-1.4390692710876465,205500,161.22,-107.72770782000003
101199,0.0,6.366462912410498e-12,0.0007,41200,-2.5697970613691723e-06,874,0.4041390120983124,235,-1.4615980386734009,206000,161.22,-107.72770782000003
101299,nan,0.0,0.0007,41300,2.1604920164008945e-07,874,0.4041386842727661,236,-1.4615954160690308,206500,161.22,-107.72770782000003
101399,0.09473687410354614,2.8921932557213204e-11,0.0007,41400,-1.7485615899204277e-05,874,0.40272921323776245,236,-1.4534658193588257,207000,175.8,-108.16792079000003
101499,-33.58139419555664,0.06446880102157593,0.0007,41500,-0.27565866708755493,874,0.4027889370918274,237,-1.4451440572738647,207500,175.8,-108.16792079000003
101599,0.7658886909484863,0.035869549959897995,0.0007,41600,-0.12820857763290405,874,0.4031926393508911,237,-1.4626744985580444,208000,183.53,-108.92559216000001
101699,-3.293616771697998,0.0321454219520092,0.0007,41700,-0.27902889251708984,874,0.4051205515861511,238,-1.4838775396347046,208500,183.88,-109.08595113000003
101799,0.39408308267593384,0.01819099672138691,0.0007,41800,0.15763258934020996,874,0.40340936183929443,238,-1.474185824394226,209000,184.64,-108.98707200000003
101899,0.5333560705184937,0.09369437396526337,0.0007,41900,0.3403798043727875,874,0.40401458740234375,239,-1.4714548587799072,209500,186.18,-109.30320853
101999,-6.40180778503418,0.0059500569477677345,0.0007,42000,0.0037044286727905273,874,0.40360382199287415,240,-1.4656263589859009,210000,186.46,-109.36634828
102099,-9.279704093933105,0.0660490021109581,0.0007,42100,0.7377929091453552,874,0.4049321115016937,240,-1.4788633584976196,210500,192.69,-109.66693704
102199,-0.019546985626220703,0.2935853600502014,0.0007,42200,-1.1785019636154175,874,0.4031745195388794,241,-1.4723211526870728,211000,197.97,-110.01744013999998
102299,-27.94035530090332,0.09938549250364304,0.0007,42300,0.09356179088354111,874,0.4032449722290039,241,-1.468911051750183,211500,200.27,-110.30593532999997
102399,0.9547460675239563,0.004896970000118017,0.0007,42400,0.17412018775939941,874,0.40110325813293457,242,-1.4476921558380127,212000,203.95,-110.55918088
102499,0.9536789059638977,0.009138385765254498,0.0007,42500,0.04206673428416252,874,0.4021695852279663,243,-1.465198040008545,212500,203.42,-110.69781864999999
102599,-16.23247528076172,0.17096219956874847,0.0007,42600,-0.21209023892879486,874,0.40059733390808105,243,-1.4545608758926392,213000,203.25,-110.70289819999998
102699,-4.335249423980713,0.5741173028945923,0.0007,42700,-0.17749081552028656,874,0.39886629581451416,244,-1.4445089101791382,213500,207.39,-110.85097345
102799,-115.6257553100586,0.02454316057264805,0.0007,42800,-0.16873648762702942,874,0.3992615342140198,244,-1.4462512731552124,214000,210.78,-110.96630617000001
102899,-12.559086799621582,0.013401609845459461,0.0007,42900,-0.13566277921199799,874,0.39762061834335327,245,-1.4311550855636597,214500,218.38,-111.44065453000003
102999,-100.69226837158203,1.1090091466903687,0.0007,43000,0.1665361225605011,874,0.3949524164199829,245,-1.408287763595581,215000,221.94,-111.55697446000002
103099,0.5112791657447815,0.138539656996727,0.0007,43100,0.3220182955265045,874,0.39713770151138306,246,-1.4275825023651123,215500,219.01,-111.28228649
103199,0.6631010174751282,0.026096859946846962,0.0007,43200,0.340884268283844,874,0.39633098244667053,247,-1.4109357595443726,216000,216.3,-111.10550718999998
103299,0.3656884431838989,0.19853989779949188,0.0007,43300,1.2378939390182495,874,0.39402297139167786,247,-1.3897018432617188,216500,217.32,-110.97499528
103399,0.9024935960769653,0.020954160019755363,0.0007,43400,-0.2909262180328369,874,0.3928680419921875,248,-1.3771198987960815,217000,216.42,-111.33864103
103499,-0.0420149564743042,0.555850625038147,0.0007,43500,0.8611616492271423,874,0.39352893829345703,248,-1.3811219930648804,217500,216.44,-111.15974776999998
103599,-3.7363009452819824,0.5875194668769836,0.0007,43600,0.6630671620368958,874,0.3931933641433716,249,-1.3760746717453003,218000,219.46,-111.28480564
103699,0.40987855195999146,0.04608173295855522,0.0007,43700,0.06246577575802803,874,0.3938540518283844,249,-1.3821109533309937,218500,213.58,-110.87074525999998
103799,-7.914335250854492,0.07458711415529251,0.0007,43800,0.23736314475536346,874,0.3922423720359802,250,-1.3681800365447998,219000,213.63,-110.64910339999999
103899,-9.858619689941406,0.026842186227440834,0.0007,43900,0.06210954114794731,874,0.39186525344848633,251,-1.3708099126815796,219500,214.5,-110.40890439
103999,0.5272026658058167,0.033360280096530914,0.0007,44000,-0.3926955461502075,874,0.3912390470504761,251,-1.3667291402816772,220000,217.2,-110.39950229
104099,-16.359699249267578,0.03739368915557861,0.0007,44100,-0.02795262448489666,874,0.39082130789756775,252,-1.356239676475525,220500,209.98,-109.95483691999999
104199,0.4560547471046448,0.41556844115257263,0.0007,44200,-1.290390968322754,874,0.390817791223526,252,-1.3678392171859741,221000,210.61,-109.96359624
104299,-25.63959312438965,0.08764433115720749,0.0007,44300,-0.2126842588186264,874,0.39058274030685425,253,-1.361943006515503,221500,211.36,-109.91406492000002
104399,-3.652864456176758,0.02874126471579075,0.0007,44400,-0.17530833184719086,874,0.3919139504432678,253,-1.3851728439331055,222000,211.36,-109.91406492000002
104499,-2.111675977706909,0.12761974334716797,0.0007,44500,0.4638892710208893,874,0.3927292227745056,254,-1.394407033920288,222500,221.19,-110.34589069000002
104599,-100.00094604492188,1.1233824491500854,0.0007,44600,-1.1483814716339111,874,0.39256203174591064,255,-1.390520453453064,223000,221.19,-110.34589069000002
104699,-0.805577278137207,0.06876237690448761,0.0007,44700,-0.05028983950614929,874,0.39238062500953674,255,-1.3839328289031982,223500,221.19,-110.34589069000002
104799,-0.14157414436340332,0.005335142370313406,0.0007,44800,0.07552223652601242,874,0.3932366371154785,256,-1.3966277837753296,224000,233.55,-111.31039540999998
104899,-0.9879734516143799,0.00011290521797491238,0.0007,44900,-0.01972714066505432,874,0.39201122522354126,256,-1.389688491821289,224500,233.55,-111.31039540999998
104999,-2.828360080718994,0.0003759638930205256,0.0007,45000,-0.033406175673007965,874,0.39329099655151367,257,-1.4042656421661377,225000,233.55,-111.31039540999998
105099,0.8915810585021973,0.011190712451934814,0.0007,45100,-0.0007856533047743142,874,0.3907908499240875,257,-1.379279375076294,225500,203.37,-110.67140821999999
105199,0.8001706600189209,0.0009003057493828237,0.0007,45200,-0.010830484330654144,874,0.38984501361846924,258,-1.375666618347168,226000,180.79,-109.72882421000003
105299,-10.895797729492188,0.030632121488451958,0.0007,45300,-0.01580801047384739,874,0.3901820182800293,259,-1.3792179822921753,226500,183.35,-109.75751289
105399,-15.863809585571289,0.17536132037639618,0.0007,45400,-0.5312510132789612,874,0.3934924304485321,259,-1.3969676494598389,227000,188.33,-109.86994004
105499,0.9943774938583374,0.03388465195894241,0.0007,45500,0.4240860641002655,874,0.39392638206481934,260,-1.4038218259811401,227500,186.47,-109.97200896
105599,-20.64542579650879,0.16772231459617615,0.0007,45600,-0.0988268181681633,874,0.39352092146873474,260,-1.4063847064971924,228000,186.37,-109.98653657999999
105699,-0.7208340167999268,0.03989962488412857,0.0007,45700,0.302762895822525,874,0.3949684202671051,261,-1.4195709228515625,228500,186.37,-109.98653657999999
105799,-18.611125946044922,0.19902758300304413,0.0007,45800,-0.6110755801200867,874,0.3953731954097748,261,-1.4216258525848389,229000,196.92,-110.45077217
105899,-13.760549545288086,0.5905253291130066,0.0007,45900,-0.8376807570457458,874,0.39466097950935364,262,-1.4168192148208618,229500,196.92,-110.45077217
105999,-0.3400219678878784,0.022296585142612457,0.0007,46000,-0.12622323632240295,874,0.3953034281730652,263,-1.4151500463485718,230000,196.92,-110.45077217
106099,-2.94321346282959,0.036718882620334625,0.0007,46100,-0.31048783659935,874,0.39249473810195923,263,-1.3999546766281128,230500,212.01,-110.21743481000001
106199,0.580207109451294,0.05032562091946602,0.0007,46200,-0.2946701943874359,874,0.3933052718639374,264,-1.4118880033493042,231000,212.01,-110.21743481000001
106299,-13.481851577758789,0.5284907221794128,0.0007,46300,0.4336763918399811,874,0.39623135328292847,264,-1.4357874393463135,231500,212.01,-110.21743481000001
106399,0.31285256147384644,0.4780566692352295,0.0007,46400,-0.9374739527702332,874,0.39490237832069397,265,-1.4111651182174683,232000,227.06,-109.93374105000001
106499,-2.8268868923187256,0.011727888137102127,0.0007,46500,0.14516691863536835,874,0.39654892683029175,265,-1.4204548597335815,232500,228.6,-109.87050187000001
106599,-27.12291145324707,0.0593496672809124,0.0007,46600,-0.44144749641418457,874,0.39634019136428833,266,-1.4178340435028076,233000,225.37,-109.69726789000002
106699,-2.0689868927001953,0.12407952547073364,0.0007,46700,-0.3229525089263916,874,0.39605724811553955,267,-1.4188169240951538,233500,225.44,-109.53182062
106799,-2.1231327056884766,0.050537239760160446,0.0007,46800,-0.3076460063457489,874,0.39704176783561707,267,-1.4427257776260376,234000,224.61,-109.25875782000003
106899,-0.6967794895172119,0.01273135095834732,0.0007,46900,-0.12779849767684937,874,0.39663976430892944,268,-1.4424680471420288,234500,224.61,-109.25875782000003
106999,0.5177620649337769,0.17541982233524323,0.0007,47000,-0.5474442839622498,874,0.39652734994888306,268,-1.443540096282959,235000,228.75,-109.50803304000003
107099,0.8198580741882324,1.8178123235702515,0.0007,47100,0.5356017351150513,874,0.3949454426765442,269,-1.431372046470642,235500,230.16,-109.44740251000002
107199,0.876370370388031,0.4481199383735657,0.0007,47200,-0.7061307430267334,874,0.39714109897613525,269,-1.4352798461914062,236000,215.6,-108.87815591
107299,-1.469672441482544,0.10472186654806137,0.0007,47300,0.6821363568305969,874,0.39503854513168335,270,-1.4220565557479858,236500,213.81,-108.98549476
107399,-1.8335118293762207,0.03142235800623894,0.0007,47400,-0.2107304334640503,874,0.3974881172180176,271,-1.4471540451049805,237000,215.63,-109.15538925000001
107499,-7.351387977600098,1.3639386892318726,0.0007,47500,-1.3608745336532593,874,0.39671948552131653,271,-1.4400711059570312,237500,218.51,-109.24819361000002
107599,-1.0397639274597168,0.12323862314224243,0.0007,47600,-0.30696749687194824,874,0.3970267176628113,272,-1.4454656839370728,238000,220.3,-109.35934616000003
107699,0.8504917025566101,0.10472016781568527,0.0007,47700,0.26294925808906555,874,0.39678439497947693,272,-1.431638240814209,238500,221.15,-109.24863557999998
107799,-2.5511579513549805,0.049979738891124725,0.0007,47800,-0.4096349775791168,874,0.39535075426101685,273,-1.4283900260925293,239000,221.76,-109.15703538999998
107899,-0.3932685852050781,0.008790857158601284,0.0007,47900,-0.1221020370721817,874,0.395713210105896,273,-1.4357740879058838,239500,221.76,-109.15703538999998
107999,-110.3248519897461,1.4729126691818237,0.0007,48000,-0.8086250424385071,874,0.3944588005542755,274,-1.4212688207626343,240000,232.2,-109.58333780000001
108099,-9.888041496276855,1.4707573652267456,0.0007,48100,-0.4423018991947174,874,0.3942264914512634,275,-1.4158881902694702,240500,233.99,-109.48868116000001
108199,-0.5306806564331055,0.008991111069917679,0.0007,48200,-0.13755108416080475,874,0.3924015760421753,275,-1.411371111869812,241000,238.76,-109.56907952
108299,-1.6635236740112305,0.030139649286866188,0.0007,48300,-0.38019686937332153,874,0.3907011151313782,276,-1.389203667640686,241500,240.02,-109.52163224000002
108399,0.8012094497680664,0.13763384521007538,0.0007,48400,-0.3352509140968323,874,0.38908663392066956,276,-1.37152099609375,242000,244.62,-109.70026946000002
108499,-0.5393210649490356,0.027181267738342285,0.0007,48500,0.2932432293891907,874,0.3872746229171753,277,-1.3562359809875488,242500,242.08,-110.10972079000001
108599,0.2983359098434448,0.12860792875289917,0.0007,48600,0.15828561782836914,874,0.3898075819015503,277,-1.3759621381759644,243000,248.66,-110.33887307000003
108699,-1.529003381729126,0.024431223049759865,0.0007,48700,-0.14561587572097778,874,0.386801540851593,278,-1.3481501340866089,243500,248.66,-110.33887307000003
108799,-0.718989372253418,0.0548858717083931,0.0007,48800,-0.2861594259738922,874,0.3878684937953949,279,-1.3602845668792725,244000,248.66,-110.33887307000003
108899,0.05917000770568848,0.002426017075777054,0.0007,48900,0.02101643569767475,874,0.3880907893180847,279,-1.3662948608398438,244500,248.66,-110.33887307000003
108999,-12.059925079345703,0.14662621915340424,0.0007,49000,-0.6727129817008972,874,0.38575905561447144,280,-1.3559095859527588,245000,264.04,-109.95978770000002
109099,-8.146247863769531,0.04781464859843254,0.0007,49100,0.12722526490688324,874,0.38487929105758667,280,-1.3513692617416382,245500,270.39,-110.14700369
109199,0.47320085763931274,0.0030888088513165712,0.0007,49200,-0.031988825649023056,874,0.3838047385215759,281,-1.3415063619613647,246000,270.39,-110.14700369
109299,-0.7048141956329346,0.04829026386141777,0.0007,49300,0.2604125142097473,874,0.38358572125434875,281,-1.3329514265060425,246500,270.39,-110.14700369
109399,-10.065142631530762,0.09126356989145279,0.0007,49400,0.40620478987693787,874,0.3829059600830078,282,-1.3284902572631836,247000,282.13,-110.71225391
109499,-7.497669219970703,0.013311798684298992,0.0007,49500,-0.1284417361021042,874,0.3831135630607605,283,-1.3307675123214722,247500,282.13,-110.71225391
109599,-4.968875885009766,0.3409941792488098,0.0007,49600,0.8087021708488464,874,0.3823251724243164,283,-1.325240969657898,248000,295.0,-111.38979438
109699,0.26954543590545654,0.003522827522829175,0.0007,49700,0.04184168949723244,874,0.3805200159549713,284,-1.3057259321212769,248500,295.0,-111.38979438
109799,-0.2834799289703369,0.029443923383951187,0.0007,49800,-0.09290745109319687,874,0.38233184814453125,284,-1.3214778900146484,249000,300.72,-111.73320377999998
109899,-2.580108165740967,0.036442261189222336,0.0007,49900,0.3702184855937958,874,0.38341784477233887,285,-1.3269190788269043,249500,306.91,-112.12984431
109999,nan,1.4551915445207286e-12,0.0007,50000,8.413658179051708e-07,874,0.38365066051483154,285,-1.330470323562622,250000,306.91,-112.12984431
110099,-0.48000001907348633,3.2014214196296464e-11,0.0007,50100,-5.566730578721035e-06,874,0.38372066617012024,286,-1.3310085535049438,250500,306.91,-112.12984431
110199,0.8945304155349731,0.14116588234901428,0.0007,50200,0.5796758532524109,874,0.38384801149368286,287,-1.3395944833755493,251000,320.78,-112.65918409999999
110299,-0.8444888591766357,0.005693062674254179,0.0007,50300,-0.02141997031867504,874,0.38306307792663574,287,-1.3423466682434082,251500,320.78,-112.65918409999999
110399,-0.1589897871017456,0.1378062218427658,0.0007,50400,-0.5764719843864441,874,0.37948137521743774,288,-1.3112080097198486,252000,327.49,-113.19747574999998
110499,-10.824031829833984,0.12145698070526123,0.0007,50500,0.21922694146633148,874,0.3787654638290405,288,-1.3045382499694824,252500,324.9,-113.25546687999999
110599,0.8605459928512573,0.010623390786349773,0.0007,50600,0.015248584561049938,874,0.3771543502807617,289,-1.2881395816802979,253000,331.15,-113.64567271
110699,0.9891406893730164,0.05866413190960884,0.0007,50700,-0.09566684812307358,874,0.377219021320343,289,-1.2904049158096313,253500,334.19,-113.82856549999998
110799,0.6385268568992615,0.0491049587726593,0.0007,50800,0.24342159926891327,874,0.3778049349784851,290,-1.29707932472229,254000,335.54,-114.16289655
110899,-18.17340087890625,0.08655353635549545,0.0007,50900,-0.4826022684574127,874,0.38027653098106384,291,-1.3324702978134155,254500,332.91,-114.07889969
110999,0.6601308584213257,0.008075450547039509,0.0007,51000,0.06429605185985565,874,0.38177013397216797,291,-1.3428438901901245,255000,328.66,-114.12244066000001
111099,-15.144449234008789,2.165266752243042,0.0007,51100,-1.0626678466796875,874,0.3800645172595978,292,-1.3240184783935547,255500,319.64,-113.36539939000001
111199,0.37892359495162964,0.0048606861382722855,0.0007,51200,0.06394709646701813,874,0.37775611877441406,292,-1.2958430051803589,256000,323.13,-113.48607394000003
111299,-15.588479995727539,0.07165416330099106,0.0007,51300,-0.2594344913959503,874,0.3769238591194153,293,-1.2976375818252563,256500,323.13,-113.48607394000003
111399,0.25714290142059326,6.366462912410498e-12,0.0007,51400,-3.7732721125394164e-07,874,0.375686913728714,294,-1.2847200632095337,257000,323.13,-113.48607394000003
111499,-1.2000000476837158,1.3824319293476162e-11,0.0007,51500,3.892740551236784e-06,874,0.3756921887397766,294,-1.2847740650177002,257500,323.13,-113.48607394000003
111599,-1.1598942279815674,0.04655573517084122,0.0007,51600,-0.11182139068841934,874,0.37407058477401733,295,-1.2676820755004883,258000,325.7,-112.90226417
111699,-9.340420722961426,0.02760782651603222,0.0007,51700,0.014157495461404324,874,0.3736790716648102,295,-1.269673228263855,258500,325.7,-112.90226417
111799,-26.05055809020996,0.08734112977981567,0.0007,51800,-0.17330500483512878,874,0.3730621337890625,296,-1.269708275794983,259000,325.7,-112.90226417
111899,-0.2421269416809082,0.07851491868495941,0.0007,51900,0.13881197571754456,874,0.3735395669937134,296,-1.270885705947876,259500,340.58,-113.47660771999999
111999,-0.7053478956222534,0.013856920413672924,0.0007,52000,0.00634109228849411,874,0.3725384473800659,297,-1.2553991079330444,260000,340.58,-113.47660771999999
112099,-1.2472038269042969,0.014481782913208008,0.0007,52100,-0.05835941433906555,874,0.3738137483596802,298,-1.2846364974975586,260500,340.58,-113.47660771999999
112199,-2.639286756515503,0.11126458644866943,0.0007,52200,-1.093794345855713,874,0.3746528625488281,298,-1.2998062372207642,261000,354.84,-113.08626245
112299,-18.30718994140625,0.1271142214536667,0.0007,52300,-0.08128167688846588,874,0.37520039081573486,299,-1.2953532934188843,261500,354.84,-113.08626245
112399,0.548534631729126,0.0019441969925537705,0.0007,52400,0.05571084842085838,874,0.3748084306716919,299,-1.2771520614624023,262000,356.8,-113.03004669999997
112499,-7.907035827636719,0.24500320851802826,0.0007,52500,0.3315694034099579,874,0.3764215111732483,300,-1.2870457172393799,262500,361.99,-113.27522416999999
112599,-6.457363128662109,0.018393248319625854,0.0007,52600,-0.03810107707977295,874,0.3760881721973419,300,-1.276406168937683,263000,360.56,-113.18254380999997
112699,-11.59781551361084,0.02801678143441677,0.0007,52700,-0.3197997510433197,874,0.3751026391983032,301,-1.2669318914413452,263500,361.93,-113.26029231999999
112799,-5.101271152496338,0.2620713412761688,0.0007,52800,0.24648098647594452,874,0.37744030356407166,302,-1.2936652898788452,264000,363.32,-113.11096020999997
112899,0.631142258644104,0.32278355956077576,0.0007,52900,-0.7182093858718872,874,0.37561145424842834,302,-1.2718294858932495,264500,354.1,-112.59960389
112999,-11.551183700561523,0.17521634697914124,0.0007,53000,0.385555237531662,874,0.3780067563056946,303,-1.2852201461791992,265000,325.76,-113.20170939000002
113099,-0.045532822608947754,0.0856163278222084,0.0007,53100,0.20934951305389404,873,0.37684300541877747,303,-1.2742750644683838,265500,318.77,-112.84489658000001
113199,-1.405771255493164,0.233814999461174,0.0007,53200,-0.012174463830888271,873,0.37695831060409546,304,-1.2757065296173096,266000,311.58,-112.6099316
113299,-1.706979751586914,0.008098536171019077,0.0007,53300,-0.019539201632142067,873,0.37799015641212463,304,-1.2823179960250854,266500,313.69,-112.45549663
113399,0.38024890422821045,0.02248166687786579,0.0007,53400,0.21864257752895355,873,0.37649479508399963,305,-1.2678879499435425,267000,318.51,-112.43982318
113499,-1.069199562072754,0.057234641164541245,0.0007,53500,-0.30020004510879517,873,0.3752654492855072,306,-1.2559645175933838,267500,318.89,-112.28146708000003
113599,-8.390035629272461,0.16950277984142303,0.0007,53600,0.26963743567466736,873,0.3746322691440582,306,-1.2557276487350464,268000,318.89,-112.28146708000003
113699,-2.6358416080474854,0.14129269123077393,0.0007,53700,0.4690399169921875,873,0.377622127532959,307,-1.282512903213501,268500,318.89,-112.28146708000003
113799,-0.01905345916748047,0.015800615772604942,0.0007,53800,0.09314895421266556,873,0.37774455547332764,307,-1.2790378332138062,269000,332.6,-111.77753009
113899,-13.46263599395752,0.06579100340604782,0.0007,53900,-0.1910262554883957,873,0.3785409927368164,308,-1.295339584350586,269500,332.6,-111.77753009
113999,-1.2933478355407715,0.010915632359683514,0.0007,54000,-0.1724821776151657,873,0.38062310218811035,308,-1.3124357461929321,270000,332.6,-111.77753009
114099,-6.547679901123047,0.02944996766746044,0.0007,54100,0.21406637132167816,873,0.3825467824935913,309,-1.3349360227584839,270500,347.79,-111.40477555000001
114199,-3.2420225143432617,0.029556697234511375,0.0007,54200,0.014985412359237671,873,0.3824295401573181,310,-1.334251880645752,271000,347.79,-111.40477555000001
114299,-2.105699300765991,0.003503066021949053,0.0007,54300,0.004823841154575348,873,0.3838246762752533,310,-1.3377189636230469,271500,347.79,-111.40477555000001
114399,-0.8425370454788208,0.011214948259294033,0.0007,54400,-0.11861486732959747,873,0.38349640369415283,311,-1.3342050313949585,272000,361.91,-110.95779638
114499,-3.345139980316162,0.008058794774115086,0.0007,54500,-0.04681742936372757,873,0.3846789002418518,311,-1.3482928276062012,272500,361.91,-110.95779638
114599,-0.9985663890838623,0.009707530960440636,0.0007,54600,0.1580907255411148,873,0.3867223262786865,312,-1.3782843351364136,273000,361.91,-110.95779638
114699,0.07497256994247437,0.012360240332782269,0.0007,54700,0.00100213591940701,873,0.38775435090065,312,-1.389217734336853,273500,361.91,-110.95779638
114799,-1.9376230239868164,0.009009811095893383,0.0007,54800,-0.13304419815540314,873,0.3865445852279663,313,-1.373793363571167,274000,376.74,-110.46333465000002
114899,0.0816989541053772,0.004705906845629215,0.0007,54900,0.04061855748295784,873,0.3848765194416046,314,-1.3554372787475586,274500,376.74,-110.46333465000002
114999,0.88236403465271,0.003558587981387973,0.0007,55000,0.09543953835964203,873,0.3851315975189209,314,-1.3606961965560913,275000,376.74,-110.46333465000002
115099,0.8690082430839539,0.0009999943431466818,0.0007,55100,-0.041754744946956635,873,0.3834092617034912,315,-1.3431981801986694,275500,391.83,-110.02609119000003
115199,-2.1351449489593506,0.08907479047775269,0.0007,55200,-0.49585556983947754,873,0.3826580345630646,315,-1.339099407196045,276000,391.83,-110.02609119000003
115299,0.8311427235603333,0.006943753454834223,0.0007,55300,0.06839410960674286,873,0.38441595435142517,316,-1.3557566404342651,276500,400.93,-110.18909767000002
115399,-24.659343719482422,0.038121018558740616,0.0007,55400,0.15039145946502686,873,0.38373255729675293,316,-1.337867021560669,277000,400.77,-109.94013236999999
115499,-10.571243286132812,0.09193786233663559,0.0007,55500,-0.3377830982208252,873,0.38500869274139404,317,-1.355648398399353,277500,400.77,-109.94013236999999
115599,0.783091127872467,0.008373048156499863,0.0007,55600,0.07893092185258865,873,0.38409677147865295,318,-1.350205421447754,278000,400.77,-109.94013236999999
115699,0.3009335398674011,0.050643254071474075,0.0007,55700,0.46616360545158386,873,0.3841807544231415,318,-1.3567043542861938,278500,411.89,-110.22951488999999
115799,-0.9499102830886841,0.09809104353189468,0.0007,55800,-0.3151877820491791,873,0.38335728645324707,319,-1.357139229774475,279000,414.02,-110.13054553
115899,-1.7834422588348389,0.05680462345480919,0.0007,55900,-0.1480325311422348,873,0.3829197287559509,319,-1.347425103187561,279500,414.02,-110.13054553
115999,-2.8135576248168945,0.016392186284065247,0.0007,56000,0.1327216625213623,873,0.3826408386230469,320,-1.3432520627975464,280000,414.02,-110.13054553
116099,0.7279858589172363,0.009057908318936825,0.0007,56100,0.00199486268684268,873,0.3820135295391083,320,-1.3420490026474,280500,428.28,-109.60780085
116199,0.9380791187286377,0.03185794875025749,0.0007,56200,-0.21188560128211975,873,0.3800090551376343,321,-1.329477310180664,281000,432.13,-109.70885270000002
116299,0.4053456783294678,0.021325059235095978,0.0007,56300,-0.22792835533618927,874,0.382668673992157,322,-1.3499330282211304,281500,432.13,-109.70885270000002
116399,0.8228816986083984,0.35764774680137634,0.0007,56400,-1.0296510457992554,874,0.38342320919036865,322,-1.3497035503387451,282000,436.33,-109.84641104
116499,-3.2440857887268066,0.015686506405472755,0.0007,56500,0.2861071527004242,874,0.3834913372993469,323,-1.3530601263046265,282500,435.82,-109.91705042
116599,-3.0070314407348633,0.3493629992008209,0.0007,56600,-0.7558981776237488,874,0.38008835911750793,323,-1.3223100900650024,283000,431.5,-109.65704654000001
116699,-4.877244472503662,0.20960299670696259,0.0007,56700,-0.2693794369697571,874,0.3797051012516022,324,-1.3168865442276,283500,431.5,-109.65704654000001
116799,-7.648638725280762,2.9745187759399414,0.0007,56800,-2.0420894622802734,874,0.3801519274711609,324,-1.3226561546325684,284000,434.45,-109.86654051000001
116899,0.22975575923919678,0.007404574658721685,0.0007,56900,0.03194910287857056,874,0.3827197551727295,325,-1.3424638509750366,284500,434.21,-109.86489328000002
116999,0.5619446039199829,0.02266564778983593,0.0007,57000,0.12671731412410736,874,0.38272401690483093,325,-1.3490712642669678,285000,439.51,-110.04596667000001
117099,-2.795898675918579,0.029833531007170677,0.0007,57100,-0.19102409482002258,874,0.3801116943359375,326,-1.3259133100509644,285500,439.51,-110.04596667000001
117199,0.11205005645751953,0.008209156803786755,0.0007,57200,-0.032594505697488785,874,0.38112354278564453,327,-1.3346755504608154,286000,439.51,-110.04596667000001
117299,0.7625719308853149,0.011024815030395985,0.0007,57300,0.05245993286371231,874,0.3784451186656952,327,-1.3149969577789307,286500,453.06,-109.51036732
117399,0.5590548515319824,0.04407690092921257,0.0007,57400,-0.23910796642303467,874,0.37738341093063354,328,-1.2967571020126343,287000,453.06,-109.51036732
117499,-18.934967041015625,0.05807546526193619,0.0007,57500,0.3896300792694092,874,0.3798334300518036,328,-1.3214221000671387,287500,453.7,-109.59327356000001
117599,-0.6391611099243164,0.041019391268491745,0.0007,57600,-0.25813665986061096,874,0.37973272800445557,329,-1.315739631652832,288000,453.22,-109.21532713999999
117699,-6.6534857749938965,0.15567511320114136,0.0007,57700,-0.29685959219932556,874,0.3768461346626282,329,-1.2921262979507446,288500,438.17,-109.59305938999998
117799,0.00035250186920166016,4.440415978024248e-06,0.0007,57800,-0.0019072949653491378,874,0.37597352266311646,330,-1.2750383615493774,289000,422.15,-108.92328782999999
117899,-3.303995132446289,0.2591255307197571,0.0007,57900,0.322521448135376,874,0.3759670853614807,330,-1.2760776281356812,289500,409.02,-108.34325195999998
117999,0.09641849994659424,1601.5394287109375,0.0007,58000,0.3298918306827545,874,0.3773117661476135,331,-1.2784595489501953,290000,379.84,-106.65481405999999
118099,0.9245352149009705,0.0018606545636430383,0.0007,58100,0.027711836621165276,874,0.3775086998939514,332,-1.2825329303741455,290500,366.35,-105.75703028
118199,-39.70933532714844,0.06492893397808075,0.0007,58200,0.10901198536157608,874,0.37795937061309814,332,-1.2916698455810547,291000,360.72,-105.38016568
118299,0.9540724158287048,0.040169402956962585,0.0007,58300,0.23771481215953827,874,0.37723076343536377,333,-1.2904785871505737,291500,339.48,-104.88444164999999
118399,-1.3843610286712646,0.15333367884159088,0.0007,58400,0.32974955439567566,874,0.3811280131340027,333,-1.3288798332214355,292000,303.17,-104.48708384999998
118499,-2.6620194911956787,0.27167001366615295,0.0007,58500,0.1980033665895462,874,0.38104939460754395,334,-1.3128130435943604,292500,306.31,-104.63341618
118599,0.9590102434158325,0.24409249424934387,0.0007,58600,-0.8715972900390625,874,0.3803406357765198,335,-1.2975956201553345,293000,296.81,-104.13384703999998
118699,-5.911088943481445,0.04322225973010063,0.0007,58700,-0.3068251609802246,874,0.38035881519317627,335,-1.297993540763855,293500,295.83,-104.16129710999999
118799,0.7852519750595093,0.016420617699623108,0.0007,58800,-0.34056368470191956,874,0.3795352876186371,336,-1.2997490167617798,294000,300.92,-104.24580845999999
118899,-0.7158029079437256,0.00836219172924757,0.0007,58900,0.042170893400907516,874,0.38127970695495605,336,-1.3128117322921753,294500,301.71,-104.19579423
118999,-93.64069366455078,0.10399746149778366,0.0007,59000,-0.45748409628868103,874,0.3803931474685669,337,-1.306261420249939,295000,302.86,-104.01191326
119099,-86.74739837646484,1.146059513092041,0.0007,59100,-0.9625789523124695,874,0.37999793887138367,337,-1.2977478504180908,295500,304.07,-104.01321424000001
119199,0.48468679189682007,0.2218993902206421,0.0007,59200,0.6669685244560242,874,0.3799394965171814,338,-1.2917425632476807,296000,302.54,-103.90787581000001
119299,-0.04518735408782959,0.02220299281179905,0.0007,59300,0.18876264989376068,874,0.37742823362350464,339,-1.2742341756820679,296500,303.35,-103.92143116000001
119399,-2.0399999618530273,4.911271476309986e-12,0.0007,59400,1.1340782748447964e-06,874,0.3768359422683716,339,-1.2640234231948853,297000,303.35,-103.92143116000001
119499,-2.133333444595337,2.5829649183406467e-11,0.0007,59500,-3.576060862542363e-06,874,0.3768357038497925,340,-1.264022707939148,297500,303.35,-103.92143116000001
119599,0.3463018536567688,0.04505256563425064,0.0007,59600,0.6362142562866211,874,0.37534379959106445,340,-1.2269741296768188,298000,317.82,-104.32694007
119699,-3.347517967224121,0.07190903276205063,0.0007,59700,-0.21981202065944672,874,0.37654992938041687,341,-1.2339434623718262,298500,315.43,-104.22058919999999
119799,-11.19699478149414,0.35147523880004883,0.0007,59800,0.4279979169368744,874,0.3756108582019806,341,-1.2244818210601807,299000,315.43,-104.22058919999999
119899,-41.73880386352539,0.13448260724544525,0.0007,59900,0.21383047103881836,874,0.376986026763916,342,-1.2259600162506104,299500,321.66,-104.59000094000001
119999,0.7436109185218811,0.07879703491926193,0.0007,60000,0.24350182712078094,874,0.37634170055389404,343,-1.2207716703414917,300000,311.74,-105.49930121999999
