#{"t_start": 1760828819.8013282, "env_id": "BipedalWalker-v3"}
r,l,t
-93.259476,101,12.599073
-92.963797,99,12.660672
-93.003817,101,12.721438
-92.880052,100,12.780917
-93.069658,100,12.839513
-17.657266,1600,26.105283
-16.122455,1600,27.02797
-32.717378,1600,27.939344
-14.949055,1600,28.888852
-19.35784,1600,29.837809
-112.690519,70,42.106897
-113.078342,71,42.148682
-113.065356,70,42.189811
-112.900172,71,42.231302
-112.859774,70,42.272547
-31.779798,1600,55.214494
-6.440097,1600,56.129319
13.107805,1600,57.065328
7.518711,1600,57.955989
11.27928,1600,58.908386
3.648112,1600,71.923236
97.804092,1600,72.822246
-30.255446,1600,73.724807
98.713849,1600,74.631546
92.138741,1600,75.54254
105.130887,1600,88.534733
111.516198,1600,89.445092
111.064735,1600,90.340579
101.590312,1600,91.244336
103.960503,1600,92.192747
126.726305,1600,105.113352
122.262195,1600,106.019923
118.408092,1600,106.931403
119.963777,1600,107.852839
123.521858,1600,108.774737
80.078577,1600,121.621516
-99.462994,124,121.695248
101.925673,1600,122.593229
69.731981,1600,123.504556
-101.366991,135,123.580459
100.583455,1600,135.419147
103.489362,1600,136.282603
114.999556,1600,137.144557
108.416953,1600,138.002618
109.943006,1600,138.868973
97.765785,1600,151.435194
92.899077,1600,152.346382
98.08842,1600,153.258436
100.042932,1600,154.153837
60.693408,1600,155.05219
-94.101296,123,166.895906
-94.874318,119,166.963332
-93.106352,125,167.033573
-92.342894,129,167.106272
-93.470521,121,167.17578
-94.728629,115,178.901028
-125.209774,88,178.95116
-125.659456,89,179.002614
-122.289472,79,179.04824
-94.45452,116,179.113897
-97.674841,167,191.14782
164.719839,1600,192.042617
158.788278,1600,192.939658
179.085993,1600,193.838712
59.849839,1554,194.71536
184.810901,1600,207.666378
167.121324,1600,208.52836
168.059061,1600,209.412735
176.609662,1600,210.280938
188.508444,1600,211.14742
158.86268,1600,223.721475
67.538942,1490,224.543294
-72.944881,253,224.685543
-60.043075,451,224.939068
-63.957642,367,225.143728
184.990476,1600,237.81551
24.944484,1006,238.406411
-66.878409,341,238.601219
198.602386,1600,239.514189
176.744456,1600,240.425358
220.236851,1600,253.110191
210.534957,1600,254.036167
227.77869,1600,254.966237
212.091669,1600,255.872594
207.173307,1600,256.7679
214.98015,1600,268.710871
211.753662,1600,269.606315
23.906862,979,270.153282
205.940412,1600,271.061817
209.431256,1600,271.971678
207.46288,1600,284.643609
203.593989,1600,285.518338
-37.037072,529,285.804609
173.303378,1600,286.67094
-69.684975,311,286.841533
-50.68468,494,298.650267
-19.051289,791,299.078901
12.567179,1400,299.839307
-58.897054,381,300.04646
58.643805,1338,300.774019
178.801767,1600,313.052245
176.935773,1600,313.915282
27.441425,1026,314.471686
190.130107,1600,315.338484
175.986179,1600,316.199323
211.368084,1600,328.50841
94.188457,1530,329.336576
208.531243,1600,330.200864
78.598727,1402,330.955207
213.269972,1600,331.821232
210.296865,1600,344.291788
204.738767,1600,345.158615
206.758244,1600,346.027241
66.604105,1472,346.843304
216.932426,1600,347.719233
192.459636,1600,360.05613
196.292217,1600,360.919312
194.14236,1600,361.786402
207.287795,1600,362.649614
192.101074,1600,363.51878
166.382877,1600,375.939336
207.015386,1600,376.808533
197.493274,1600,377.682793
175.723039,1600,378.556812
201.411465,1600,379.431034
207.667009,1600,391.095033
-19.339644,862,391.570541
-5.075313,796,392.00934
-33.495333,592,392.344048
148.424705,1600,393.219779
-51.727882,370,404.893376
-29.972353,921,405.389625
36.197739,1111,405.994043
4.162938,749,406.400604
-72.801993,234,406.529724
206.550713,1600,418.935477
232.879771,1600,419.806168
-60.090732,331,419.986238
6.539765,849,420.448851
-99.746422,108,420.509055
-90.238496,286,432.175982
68.573943,1594,433.055024
-66.302945,364,433.255449
-51.171764,591,433.582576
237.194939,1600,434.464716
-11.924504,603,446.484866
249.544648,1455,447.289225
-63.965154,232,447.418731
-4.023167,561,447.728618
-134.602497,295,447.891569
114.402662,1132,460.132805
-70.316237,365,460.332952
11.902185,884,460.828372
-67.341872,218,460.95263
-40.528824,293,461.118883
21.732541,924,473.322766
-66.733073,194,473.433027
87.659784,1093,474.044323
114.591757,1116,474.658509
-62.418012,221,474.780134
42.606359,985,486.987077
-37.777696,398,487.209517
-73.567711,233,487.338976
-55.528092,367,487.541169
-21.927219,677,487.912961
-44.976099,335,499.63907
-26.884557,462,499.906634
138.311677,1419,500.68512
49.215263,813,501.132942
5.055878,605,501.464775
88.750886,1000,512.730619
98.405704,1038,513.30215
-18.572922,468,513.560159
-71.867901,197,513.667303
-63.459856,245,513.800785
108.45789,1298,525.914638
254.680756,1392,526.677429
260.926466,1284,527.381663
-37.013599,324,527.561018
-63.582816,252,527.699188
-68.853385,198,539.469459
130.555147,1292,540.171995
123.418383,1005,540.719212
36.616334,612,541.060696
-44.206578,300,541.240825
269.049385,1231,553.60578
-9.076925,501,553.876476
-17.629833,476,554.135821
-60.852841,269,554.282684
-69.272368,178,554.380202
10.070266,595,566.215291
35.508537,650,566.580153
-16.259999,491,566.853078
260.205711,1338,567.594472
-57.446659,355,567.789334
-51.806323,276,579.507427
-13.98817,389,579.725125
-50.403378,312,579.89869
126.563104,1044,580.483172
-38.545558,373,580.698463
-70.993832,233,592.392731
-73.796227,254,592.533292
258.287639,1314,593.245037
268.314744,1203,593.898997
-1.113067,520,594.181903
267.834058,1159,606.391647
267.582031,1159,607.032777
260.924708,1265,607.724741
256.78353,1309,608.434609
266.013946,1184,609.075675
131.531681,1087,620.332502
159.712213,1162,620.967174
266.632876,1152,621.594861
267.530514,1131,622.212874
264.587126,1167,622.848428
255.536137,1291,635.171381
-92.002686,141,635.250299
269.423092,1111,635.868045
-2.228269,445,636.114921
273.064193,1058,636.703693
265.86971,1118,649.108652
102.733577,863,649.590806
264.419612,1136,650.221266
260.812941,1218,650.896133
269.74067,1103,651.509179
-37.340629,568,663.393452
269.87791,1100,664.001386
263.349821,1185,664.65353
-30.883066,335,664.838568
99.787055,830,665.298173
271.68005,1099,677.476988
103.55746,1159,678.102092
274.880901,1061,678.672404
-2.264805,471,678.92714
274.005717,1084,679.516714
-5.543681,415,691.284107
277.127569,1094,691.886852
105.40102,857,692.365226
29.156252,533,692.663769
70.931851,687,693.047069
27.780255,648,705.065149
277.570524,1063,705.657092
276.328298,1061,706.240716
279.052605,1021,706.801605
276.987354,1053,707.37818
278.368162,1041,719.633703
-55.177647,513,719.910773
-46.097396,290,720.068013
274.407421,1064,720.648124
280.056284,1032,721.205595
269.093652,1099,733.446231
274.835533,1060,734.034415
269.472727,1106,734.651
271.27395,1082,735.249212
271.916037,1063,735.83709
61.633816,611,747.038012
274.220731,1035,747.623172
277.375502,1026,748.238636
-14.748469,379,748.474752
-50.039231,225,748.612195
278.754888,1009,760.761451
40.40292,599,761.09738
119.920711,875,761.588009
276.142729,1081,762.190219
277.62268,1049,762.791219
272.252997,1051,775.019379
153.455732,918,775.532628
274.116611,1038,776.111471
273.086081,1058,776.699914
74.698394,685,777.074903
24.530654,520,788.91219
105.060678,807,789.357842
275.284551,1036,789.93144
32.177508,522,790.220615
-9.730131,325,790.39839
276.417804,1012,802.473148
273.126403,1033,803.057577
279.166263,985,803.602237
274.03224,1025,804.175565
278.435088,990,804.726296
101.301792,794,816.706543
269.19661,1095,817.301903
278.147388,987,817.836594
278.14093,1010,818.382911
274.087496,1030,818.942097
278.887021,977,831.004313
276.74277,1027,831.605649
275.177397,1001,832.163902
79.490252,723,832.562327
274.411502,1000,833.13853
273.218958,1004,845.296542
272.745249,1025,845.859692
277.354017,971,846.396014
271.897999,1038,846.966747
276.003621,1006,847.518311
278.277506,964,858.886503
55.423776,673,859.26008
-62.374475,272,859.408906
275.547188,1002,859.988938
17.806663,447,860.233539
275.44133,988,872.392928
278.697219,964,872.932349
274.364514,995,873.483367
274.743452,1001,874.040148
270.828458,1038,874.613555
274.946394,986,886.879141
271.126138,1031,887.443398
273.22891,998,887.989608
270.898831,1035,888.559651
271.491192,1008,889.115781
273.7426,1010,901.208397
274.304236,976,901.741348
273.935175,981,902.280351
276.032743,978,902.812673
110.191042,782,903.239952
267.718582,1033,915.286696
-15.915446,362,915.484942
270.409843,1008,916.033127
273.598619,990,916.572836
274.127647,985,917.110356
272.399765,971,929.19579
19.186466,499,929.469877
265.762294,1056,930.050745
270.675551,1011,930.604996
-16.248647,428,930.841101
270.547961,1028,942.947593
268.143727,1042,943.519891
267.645849,1043,944.09139
266.033229,1046,944.672312
265.770997,1049,945.248326
120.137136,926,957.465608
268.48828,1019,958.026309
267.821646,1046,958.599498
-40.231052,363,958.797351
-53.28793,346,958.986288
266.442921,1053,970.99797
-0.890558,508,971.277555
268.423426,1036,971.856328
268.491139,1048,972.442301
266.166666,1061,973.045229
269.642194,995,984.248092
270.153103,1021,984.802336
82.071918,783,985.230374
270.893081,1028,985.789157
268.444599,1034,986.351016
267.068411,1025,998.425871
-48.336794,266,998.574151
38.154286,585,998.899451
269.818601,996,999.446454
135.075784,926,999.95211
33.686469,567,1011.764667
267.269301,1036,1012.331747
272.410057,972,1012.865118
269.249809,1008,1013.413272
270.140799,994,1013.958001
44.77101,653,1025.741455
-6.024512,450,1026.014582
266.997396,1027,1026.574105
-14.728087,413,1026.800611
270.432983,985,1027.341089
256.566631,1147,1039.592727
268.368112,1002,1040.159126
274.173535,969,1040.704686
267.58731,1016,1041.282615
269.404169,1009,1041.853158
271.983275,993,1054.151794
272.390464,976,1054.697689
266.574834,1026,1055.279145
-34.403646,313,1055.454931
116.188275,904,1055.956722
274.27508,967,1068.251912
-6.10362,467,1068.512555
265.142182,1037,1069.085258
-60.265627,301,1069.252086
274.509625,974,1069.786034
10.985187,471,1081.618798
126.193374,861,1082.087826
-98.059957,160,1082.180993
275.154203,962,1082.704317
-8.973921,392,1082.918019
46.046645,566,1093.876981
-49.90418,231,1094.002671
-32.503944,313,1094.172438
-56.878297,294,1094.332777
271.837891,979,1094.866887
271.764606,982,1107.017395
270.542351,980,1107.562086
145.047303,988,1108.106492
126.004091,948,1108.620176
267.877449,1000,1109.175455
271.714191,972,1121.146622
268.196771,1027,1121.703422
271.175005,984,1122.239827
-70.063184,255,1122.380082
270.682117,1000,1122.924121
268.233752,1004,1135.065778
269.693678,1009,1135.619249
1.998426,470,1135.877984
267.172347,1014,1136.445449
269.99589,1005,1136.992596
272.649687,967,1149.037658
72.277418,682,1149.413367
269.450899,1006,1149.965768
275.212896,957,1150.493478
93.89949,784,1150.918907
266.476416,1039,1163.127223
270.253115,992,1163.678063
268.861835,1001,1164.233859
268.611508,1017,1164.797726
72.401685,744,1165.210116
270.378063,1002,1177.408829
269.803419,1013,1177.976069
274.944054,945,1178.504291
273.723813,943,1179.026507
273.180483,977,1179.564054
49.437339,660,1191.490245
275.68427,976,1192.017513
272.653731,993,1192.555909
277.100044,962,1193.0799
-6.742222,445,1193.348604
-45.827628,285,1204.99886
275.364897,976,1205.548864
94.36887,782,1205.979788
274.699346,977,1206.518446
277.09086,962,1207.048613
272.339841,1001,1218.452078
44.976026,625,1218.798069
274.607462,978,1219.337227
269.895966,1004,1219.891785
275.771606,955,1220.421093
84.624958,682,1232.423469
272.494366,974,1232.97351
279.289315,927,1233.489088
275.134625,957,1234.012608
267.97356,1027,1234.5698
144.516919,842,1246.56241
50.946442,520,1246.845975
280.70032,908,1247.339358
18.156626,423,1247.570221
93.50597,693,1247.948544
279.92894,904,1260.074155
275.168239,936,1260.591037
274.276566,942,1261.108386
272.475321,976,1261.640301
273.948004,954,1262.16277
277.652118,936,1274.237014
274.199767,964,1274.774131
275.863089,939,1275.297191
275.840605,933,1275.806544
274.779915,944,1276.320211
273.529449,946,1288.480721
273.768741,933,1288.998988
273.091269,933,1289.521339
273.395274,946,1290.047328
270.921816,961,1290.585282
273.551438,950,1302.754357
270.787973,985,1303.29791
272.354954,959,1303.824713
275.519189,925,1304.330903
273.954935,926,1304.841124
269.510726,987,1317.025139
272.24695,958,1317.558949
273.436878,945,1318.071831
272.660932,964,1318.598386
274.192538,945,1319.110147
272.232327,953,1330.238237
270.655248,971,1330.770173
75.459425,664,1331.131501
270.505683,966,1331.656266
272.080742,942,1332.17161
271.138613,938,1344.172726
270.478284,970,1344.706045
268.972688,968,1345.236138
270.058194,975,1345.773448
68.777986,649,1346.127439
269.450223,947,1358.236134
270.881412,934,1358.751244
270.340779,939,1359.263762
270.203864,943,1359.781195
271.850191,924,1360.287071
270.320611,948,1372.631155
268.53148,976,1373.180412
271.668483,938,1373.705799
267.944087,966,1374.242539
270.674278,951,1374.772549
269.648354,963,1386.957062
272.490774,938,1387.487049
159.64339,985,1388.045909
267.750319,956,1388.606676
271.97623,925,1389.12247
269.632079,972,1401.181357
269.012641,978,1401.724135
268.369301,973,1402.265053
272.331916,931,1402.782409
268.816923,977,1403.32445
272.114771,961,1415.439495
270.666223,959,1415.970014
270.591067,959,1416.497924
273.210583,947,1417.018715
273.707549,937,1417.534289
270.899042,971,1429.76038
271.575635,957,1430.297774
272.686069,944,1430.840107
270.959762,967,1431.397673
269.846128,984,1431.934456
272.785142,931,1443.930162
276.184843,905,1444.458998
274.112456,936,1444.982937
272.229125,950,1445.513078
276.288874,921,1446.024375
272.738902,942,1457.419452
-88.356563,182,1457.521531
269.551155,975,1458.061621
270.20094,968,1458.601709
270.688195,959,1459.135612
271.332972,945,1471.319011
273.516755,935,1471.852821
270.620105,964,1472.442727
272.911014,952,1473.021681
-23.150337,373,1473.23025
62.291291,616,1485.166539
273.236629,939,1485.680235
273.094449,933,1486.191849
273.341963,949,1486.711913
266.734014,1000,1487.257927
-12.138986,382,1499.085316
273.978872,935,1499.612146
273.564873,937,1500.138823
274.175379,935,1500.655874
273.998292,933,1501.172222
-45.606957,290,1512.921502
270.566721,968,1513.450236
-2.628409,410,1513.677609
274.038993,933,1514.189676
259.835225,1081,1514.782074
21.275655,478,1526.609766
271.378733,941,1527.14418
268.670929,978,1527.69189
269.194831,970,1528.229938
-37.112351,279,1528.386899
271.28853,937,1540.571668
273.221431,913,1541.082628
63.631178,567,1541.39745
268.085177,986,1541.94547
270.95318,938,1542.463998
273.133271,901,1554.59218
266.622259,991,1555.136453
274.044098,922,1555.640764
270.866892,922,1556.14617
271.921885,920,1556.667445
267.26501,970,1568.182678
270.885466,938,1568.703283
270.903515,940,1569.220981
67.427094,608,1569.55474
268.902847,958,1570.086816
269.667501,932,1582.403087
268.250388,957,1582.937129
269.783041,926,1583.457008
270.191876,933,1583.980094
272.384785,907,1584.48659
270.987517,923,1596.7901
273.027777,893,1597.291274
269.519872,940,1597.819368
269.893653,936,1598.342861
268.72346,941,1598.872087
268.998093,947,1611.028235
269.721131,940,1611.554531
-64.748759,184,1611.657879
80.154844,625,1612.009023
272.404349,903,1612.517274
270.654651,922,1624.624658
270.994433,909,1625.127295
21.707782,522,1625.41715
271.000157,914,1625.92245
269.533267,932,1626.439796
268.982373,934,1638.689135
271.657087,905,1639.193697
270.443199,915,1639.702664
272.216045,910,1640.209844
271.302985,911,1640.716596
269.324989,928,1652.921633
269.702791,919,1653.441705
271.229485,907,1653.946979
269.147049,925,1654.461226
270.848001,917,1654.974763
272.319672,894,1667.167515
268.652082,935,1667.693358
270.134204,915,1668.204613
270.638162,920,1668.723237
270.238387,925,1669.243808
275.82743,884,1681.613051
151.816522,824,1682.069181
273.406492,906,1682.572057
272.290065,897,1683.068639
270.4892,939,1683.588645
272.257424,923,1694.928248
272.908399,914,1695.432443
272.405247,920,1695.939059
270.771038,935,1696.454257
274.228596,900,1696.950446
275.689032,889,1709.032708
274.633446,896,1709.531438
272.771693,907,1710.034372
276.379982,878,1710.520358
274.999687,897,1711.017044
273.303174,904,1723.126503
273.95911,892,1723.617233
271.398234,917,1724.118428
272.961547,909,1724.614184
271.750722,916,1725.13172
270.9752,916,1737.240897
271.977709,901,1737.727478
272.460283,903,1738.214293
273.29937,911,1738.707697
272.683068,906,1739.234885
-41.641997,256,1751.193575
-41.215451,257,1751.337755
273.918705,883,1751.831372
272.110573,903,1752.333184
274.34458,884,1752.823597
275.204997,881,1765.628621
272.951935,893,1766.195691
270.886768,922,1766.748984
129.110776,767,1767.218199
274.778755,891,1767.766725
272.611272,897,1780.254354
274.386956,879,1780.819869
271.10002,904,1781.345142
271.231407,917,1781.883211
271.731297,913,1782.447631
273.749693,910,1794.915336
274.264681,880,1795.415389
274.657677,878,1795.907507
274.118151,874,1796.390608
270.371365,927,1796.907888
13.586845,403,1808.132668
274.137776,902,1808.633966
276.423869,867,1809.109921
273.025977,899,1809.598622
82.034207,653,1809.95418
276.770412,888,1821.969069
66.098649,557,1822.276186
277.31628,880,1822.759925
115.075486,743,1823.166724
276.076233,891,1823.65626
273.375119,923,1835.851732
271.011036,931,1836.367715
270.896829,931,1836.918242
273.245128,914,1837.426168
269.593461,947,1837.958751
271.748323,926,1850.372492
268.672753,974,1850.92125
274.045811,905,1851.433496
275.295746,894,1851.936304
275.676071,885,1852.433625
271.676256,923,1865.359068
271.362347,927,1865.905842
272.957252,914,1866.438998
271.285579,931,1866.973868
270.977491,923,1867.507023
272.753349,917,1879.761802
270.300387,929,1880.270787
-33.260637,301,1880.435743
123.296521,781,1880.861558
272.585812,920,1881.362065
271.54562,915,1893.584633
273.670226,901,1894.078978
271.294658,929,1894.588647
69.528864,610,1894.92486
274.270144,906,1895.422267
271.165459,922,1907.551301
270.957573,931,1908.074782
272.626012,914,1908.590158
270.145172,947,1909.112932
273.757545,900,1909.613173
272.106461,918,1921.623744
272.5468,914,1922.11986
272.842485,928,1922.621239
272.484429,927,1923.120962
271.157121,940,1923.629401
270.888242,928,1934.866745
268.322033,949,1935.381537
270.988539,935,1935.886972
271.74916,932,1936.394476
274.941197,903,1936.885643
271.403415,928,1948.844228
275.238611,893,1949.332273
271.889539,924,1949.843126
272.178286,917,1950.341495
121.526363,762,1950.756421
273.591932,895,1962.794737
271.397069,913,1963.287987
270.324173,939,1963.79952
273.198452,903,1964.29001
146.278019,843,1964.746187
273.173862,890,1976.81099
276.220105,878,1977.291903
275.928425,883,1977.780386
272.490192,902,1978.275982
272.680653,926,1978.783006
274.538885,896,1990.908002
274.790779,889,1991.399836
270.693813,918,1991.910879
274.390997,899,1992.406903
275.051908,881,1992.893511
276.22541,870,2004.934166
276.164034,875,2005.419528
273.71296,889,2005.912266
275.072994,892,2006.399251
107.183519,744,2006.81265
275.145644,883,2019.032738
51.022277,537,2019.332516
274.267773,890,2019.827103
274.317949,901,2020.323374
53.710541,521,2020.61092
273.579412,892,2032.748248
270.172781,928,2033.262168
272.952503,889,2033.750851
271.543786,912,2034.260252
273.493547,902,2034.767358
270.149418,921,2046.897756
274.321008,891,2047.396798
271.848341,924,2047.914006
272.806314,907,2048.419199
273.124411,899,2048.920863
274.654003,897,2060.213948
272.154325,921,2060.715489
273.694957,895,2061.203784
272.748932,903,2061.696594
273.91613,897,2062.188267
270.053868,927,2074.275999
271.745479,918,2074.78135
273.773024,895,2075.273077
275.027853,894,2075.763078
271.818438,922,2076.270113
274.545299,898,2088.345456
19.603854,436,2088.58861
276.73183,866,2089.072416
275.788347,880,2089.561266
273.516306,904,2090.060776
272.442986,905,2102.322573
276.567777,879,2102.808531
276.145953,882,2103.298415
274.572526,901,2103.798132
276.963091,867,2104.283467
272.675673,907,2116.368299
273.727134,892,2116.86011
273.15003,896,2117.354746
271.316197,907,2117.854879
271.012526,915,2118.358064
271.220312,910,2130.460337
267.775195,938,2130.987146
269.534238,926,2131.50249
267.054836,945,2132.032559
270.103328,922,2132.550857
271.279738,909,2144.565621
270.513488,916,2145.078318
266.706705,958,2145.601789
269.89633,926,2146.113462
272.395781,889,2146.601517
268.512894,938,2158.739832
270.477555,903,2159.242013
269.645253,916,2159.75276
269.168238,926,2160.267864
267.391547,949,2160.79325
268.481938,923,2172.099139
268.607676,938,2172.614251
272.549621,901,2173.109563
271.020252,900,2173.605606
269.432269,921,2174.112905
269.559612,921,2186.232152
271.736293,898,2186.73381
273.123736,896,2187.230839
273.099261,899,2187.731405
273.649703,885,2188.222789
271.682322,904,2200.20491
274.664035,882,2200.674766
274.237444,897,2201.153394
274.281052,878,2201.62427
-54.831988,226,2201.745593
130.356207,755,2213.547234
275.097461,885,2214.023481
273.820301,894,2214.506466
91.557851,641,2214.85392
272.311713,894,2215.339616
271.291677,902,2227.20943
79.031936,581,2227.523345
270.082241,922,2228.019548
158.023292,822,2228.460354
273.797453,880,2228.931771
270.613881,894,2240.720199
25.907086,440,2240.95651
273.745953,887,2241.430327
-19.046368,335,2241.61215
272.605351,892,2242.088241
272.224498,896,2253.869913
-32.616673,286,2254.025074
271.406463,901,2254.508104
271.154109,906,2254.994132
271.558819,892,2255.474709
279.700068,832,2267.24823
274.948325,870,2267.722618
272.783426,893,2268.207209
67.831188,576,2268.520108
276.580178,860,2268.986179
269.556016,908,2280.778899
128.902146,808,2281.215026
270.365932,903,2281.701999
271.276569,901,2282.191488
270.192939,900,2282.688734
271.256911,889,2293.842688
274.71745,864,2294.30606
272.5076,880,2294.778272
271.306138,902,2295.261745
271.732331,893,2295.74141
272.660457,887,2307.615101
273.550905,884,2308.091309
273.082073,872,2308.560803
272.605095,880,2309.034802
274.14132,861,2309.49707
270.446501,911,2321.27566
50.287962,528,2321.566359
274.090145,878,2322.049665
272.348299,898,2322.547934
273.904237,863,2323.024153
270.535284,909,2334.958604
271.726125,905,2335.446047
271.35695,901,2335.934977
273.512088,874,2336.41032
271.202167,898,2336.897187
274.357589,870,2348.854006
269.677836,918,2349.349763
271.414063,893,2349.836808
272.404442,887,2350.31662
273.043254,886,2350.797002
271.842382,895,2362.703819
273.147925,873,2363.17866
268.231568,926,2363.682779
270.805836,897,2364.170073
270.17736,905,2364.662519
270.521062,900,2376.553353
272.926575,876,2377.027054
271.824592,885,2377.506033
272.165677,876,2377.981266
272.688753,874,2378.453341
272.637102,876,2390.267759
271.49372,902,2390.760319
272.152405,883,2391.241057
272.004806,882,2391.718453
271.483694,900,2392.205918
270.350324,900,2403.385926
271.307054,880,2403.871045
269.175409,917,2404.367869
270.564051,888,2404.854101
270.656557,891,2405.33799
273.632792,882,2417.178394
265.684379,945,2417.697664
272.951,873,2418.177215
269.777859,915,2418.680792
273.907077,862,2419.154727
272.929122,886,2430.982023
271.883606,879,2431.45389
271.456002,899,2431.938622
272.981045,871,2432.407404
275.356394,859,2432.869427
269.286463,912,2444.785847
271.140366,891,2445.269907
270.266775,894,2445.755502
270.474106,896,2446.245709
270.990212,891,2446.73226
273.571157,876,2458.549884
273.666156,874,2459.019984
269.854089,906,2459.507377
270.266249,899,2459.988082
271.732019,881,2460.459435
274.262396,871,2472.340543
275.655062,863,2472.805525
274.980886,863,2473.26887
273.749634,874,2473.737935
272.915458,884,2474.212873
276.466357,854,2486.070292
275.092715,875,2486.538962
64.94688,576,2486.848983
275.453207,857,2487.309242
277.635057,837,2487.7569
275.737795,848,2499.573655
272.5402,878,2500.054779
269.677639,908,2500.552981
272.093002,876,2501.032732
275.553173,852,2501.495073
273.288989,860,2513.533141
275.823958,851,2514.00569
274.295643,863,2514.47087
274.380688,863,2514.93655
271.600415,887,2515.41586
275.556042,857,2526.506864
273.638285,869,2526.9778
271.748683,891,2527.460382
272.863883,875,2527.936185
-87.817573,184,2528.037083
274.838978,855,2539.783501
275.561962,847,2540.242371
271.471094,887,2540.723312
274.696515,871,2541.195108
271.703134,888,2541.67315
274.152622,865,2553.466691
274.347768,862,2553.944541
274.178651,858,2554.414825
274.390165,866,2554.88679
272.707107,885,2555.366315
273.198115,877,2567.261503
276.042169,855,2567.725467
275.238855,848,2568.184548
273.262532,875,2568.66096
274.967044,859,2569.125968
273.711048,876,2581.007047
274.046451,869,2581.471278
274.634356,865,2581.934532
276.586648,851,2582.389488
-36.351226,278,2582.538437
273.377005,867,2594.393083
271.768883,898,2594.879328
273.706342,869,2595.344707
276.018966,848,2595.796229
272.533526,885,2596.270759
268.88362,897,2608.022914
270.325799,895,2608.506678
272.85131,884,2609.028768
273.147728,881,2609.549803
274.694749,858,2610.029743
272.210754,880,2621.745395
266.800101,932,2622.242782
273.393665,862,2622.705982
271.531807,884,2623.182019
271.672086,883,2623.656669
271.004864,896,2634.761095
272.892194,871,2635.255383
268.936206,913,2635.755935
269.811989,904,2636.251051
272.513708,871,2636.728994
272.204894,879,2648.725273
269.140135,900,2649.217654
272.526399,872,2649.697913
271.642329,881,2650.182761
268.539029,918,2650.684803
270.34078,895,2662.612647
270.055336,907,2663.100527
269.751007,899,2663.585732
271.42255,885,2664.061051
268.393127,914,2664.550337
268.321079,915,2676.442132
268.307205,920,2676.937285
268.553051,916,2677.432467
268.116365,919,2677.929869
270.855737,884,2678.406487
270.479227,876,2690.25029
268.297415,899,2690.743808
271.099543,885,2691.22761
56.420285,632,2691.570354
270.801325,893,2692.056188
-110.878547,93,2703.18573
-106.57761,87,2703.233314
-110.872789,93,2703.284048
-107.830531,89,2703.33216
-110.868477,94,2703.383661
269.903472,897,2715.091841
270.280483,882,2715.567661
267.49182,912,2716.0549
270.961877,895,2716.534899
268.977548,915,2717.021078
268.288943,890,2728.633781
268.849734,891,2729.114879
266.086751,918,2729.608488
270.848064,876,2730.078521
271.212721,877,2730.551023
268.039539,920,2742.343875
270.239995,878,2742.822097
268.500952,897,2743.310152
269.069222,890,2743.825516
271.28881,869,2744.317479
268.917841,897,2755.467663
269.828062,891,2755.942924
267.002957,911,2756.431736
267.038658,913,2756.921119
271.496731,873,2757.390474
269.805064,896,2769.165666
268.213071,903,2769.652398
268.435995,902,2770.134448
263.725355,945,2770.639766
268.810729,902,2771.123101
266.386643,911,2782.91859
269.510799,893,2783.400785
269.808835,882,2783.877552
266.335033,920,2784.372952
266.717317,901,2784.859272
269.136416,890,2796.630115
269.275204,889,2797.110596
268.773834,895,2797.596935
268.239125,898,2798.086794
267.77053,900,2798.570961
268.130213,904,2810.407819
269.812581,879,2810.879772
270.125678,894,2811.358624
269.39909,886,2811.834919
270.654087,878,2812.307369
270.981718,891,2824.242461
270.404146,888,2824.72816
269.098671,904,2825.223506
270.18547,879,2825.708647
269.188902,902,2826.208232
271.37947,880,2838.130708
270.78006,892,2838.623097
272.505112,883,2839.110244
272.077491,870,2839.591518
268.268761,916,2840.094506
275.237002,850,2852.009614
270.210907,898,2852.49356
273.022448,866,2852.963249
272.871344,872,2853.434486
274.043053,864,2853.908289
272.660399,869,2865.019236
274.756429,854,2865.485164
272.303706,874,2865.962719
269.63425,897,2866.454179
153.853408,832,2866.906504
274.667276,858,2878.828548
273.555617,865,2879.294482
271.812684,887,2879.773533
272.735888,876,2880.246196
276.858888,838,2880.695687
270.390019,890,2892.558891
274.523765,858,2893.018935
270.840986,895,2893.500443
270.765322,892,2893.978337
270.69105,884,2894.457999
273.843767,858,2906.2584
271.25363,884,2906.734616
269.887467,894,2907.216087
273.030867,873,2907.682794
271.375444,889,2908.162274
273.983855,858,2920.144364
270.284584,888,2920.623302
273.589397,858,2921.080559
270.783004,892,2921.555845
272.525677,863,2922.01611
273.427728,862,2933.831915
274.03393,856,2934.289223
272.607962,871,2934.757058
274.881886,853,2935.211826
271.646597,884,2935.685138
274.643504,860,2947.491804
276.42013,852,2947.953926
273.586165,871,2948.427108
273.574387,870,2948.902731
275.887726,849,2949.364513
276.526168,844,2961.25141
277.413227,833,2961.708674
273.886348,864,2962.180608
277.584536,831,2962.63327
277.945557,838,2963.0885
275.99549,844,2974.954365
276.734458,834,2975.405108
277.317988,827,2975.85238
275.941986,846,2976.308877
276.082626,853,2976.769781
276.43256,838,2987.835283
276.207315,841,2988.289793
274.923239,854,2988.757679
274.469888,854,2989.220172
276.800055,842,2989.687358
276.550418,837,3001.857527
275.784602,845,3002.323822
275.491663,848,3002.794277
273.676196,855,3003.265205
275.888133,843,3003.725836
272.051756,872,3015.970295
275.746235,846,3016.444514
274.190569,858,3016.932291
273.729279,854,3017.421789
273.901561,857,3017.907577
274.260576,851,3030.435996
273.178394,864,3030.935327
272.395803,864,3031.418506
275.725359,839,3031.884605
274.568124,852,3032.360403
274.727693,846,3044.456502
276.204858,836,3044.915579
273.396664,846,3045.378669
274.000606,854,3045.844407
273.990946,846,3046.307921
275.393707,844,3058.488137
277.239041,829,3058.953477
278.852608,809,3059.404733
278.127557,819,3059.859029
275.573273,845,3060.332927
276.927488,818,3072.446691
277.194269,820,3072.931494
277.063005,827,3073.399813
275.01322,842,3073.877877
275.359704,844,3074.358182
272.981629,857,3086.827908
277.129152,825,3087.291998
275.601533,837,3087.765804
276.765295,831,3088.234155
274.801141,845,3088.71462
278.194891,813,3100.523892
276.648154,827,3100.98875
278.04787,816,3101.464038
277.921501,813,3101.936105
276.536052,827,3102.415218
275.809937,827,3114.872143
276.259931,833,3115.359133
275.839701,831,3115.82303
276.653688,828,3116.291546
276.490599,818,3116.745854
274.48819,841,3129.063815
276.413831,838,3129.520888
275.655449,833,3129.978338
276.049925,829,3130.441602
278.616215,807,3130.925011
-7.443793,319,3142.861079
277.73469,813,3143.327351
277.448003,817,3143.788337
277.811986,810,3144.241125
276.438974,830,3144.726052
273.098978,853,3157.20934
271.272138,870,3157.711104
275.788591,825,3158.186652
272.866524,853,3158.672744
275.375437,827,3159.150327
271.436785,867,3171.581872
275.762958,828,3172.060167
274.206467,839,3172.537621
271.898801,861,3173.051438
274.202441,839,3173.572279
277.807076,804,3185.865406
275.815711,828,3186.350141
273.920356,842,3186.826305
275.292775,827,3187.28788
274.088991,844,3187.759969
273.199592,849,3200.075954
125.978094,704,3200.468257
275.232765,834,3200.938587
272.782926,853,3201.425982
274.679067,836,3201.887764
272.736303,857,3214.519092
276.06597,821,3215.001951
274.257811,838,3215.48477
274.33794,836,3215.963523
274.08253,839,3216.449516
269.332403,882,3228.002461
272.936878,848,3228.499653
274.7585,832,3228.988521
-21.757204,301,3229.174955
276.171333,827,3229.669412
272.860411,859,3242.757376
-34.130811,260,3242.906296
271.353184,859,3243.389626
271.647261,862,3243.876987
270.371235,872,3244.369817
275.659389,827,3257.093398
267.891711,901,3257.609089
269.099877,887,3258.115553
274.20226,839,3258.58283
273.468302,852,3259.05211
272.721114,856,3272.037776
272.356587,854,3272.545742
275.045707,825,3273.010636
272.567438,855,3273.492382
274.112051,835,3273.980498
268.747443,889,3286.829234
271.029212,862,3287.337292
267.746243,897,3287.850346
269.178804,884,3288.348922
269.531983,879,3288.848037
269.828009,871,3301.140496
270.581027,868,3301.618349
270.38925,870,3302.124083
267.190193,901,3302.62117
101.171356,691,3303.002731
267.115266,901,3315.598494
266.764852,903,3316.093846
269.38494,883,3316.572321
268.591736,898,3317.071983
268.023367,891,3317.585561
265.152681,927,3330.090578
266.991103,895,3330.609749
268.853549,889,3331.101644
268.427944,886,3331.583214
270.051891,870,3332.056401
268.55306,879,3343.539736
271.055612,870,3344.022165
269.826152,874,3344.505007
266.941941,906,3345.00085
267.152814,899,3345.495217
268.953619,887,3357.529334
268.271191,881,3358.022546
268.884092,883,3358.514844
268.050038,895,3359.01261
268.078898,900,3359.512174
270.683399,866,3371.517463
267.792623,899,3372.005385
268.565191,885,3372.486478
265.646446,918,3372.986715
267.202877,887,3373.468886
265.886818,910,3385.50843
270.631416,869,3385.985742
271.642137,858,3386.457561
270.532571,865,3386.934527
269.11924,882,3387.42467
270.440261,872,3399.461188
268.038056,888,3399.950607
268.091289,888,3400.441439
271.779779,850,3400.910227
271.542467,856,3401.382227
264.865499,928,3413.228573
262.919045,938,3413.742844
268.344361,884,3414.228333
266.742406,907,3414.72693
266.878732,900,3415.222021
266.307271,910,3427.157322
266.24177,911,3427.659932
267.621231,894,3428.150352
267.647305,890,3428.637292
267.346116,897,3429.132865
267.480232,895,3441.412887
266.056787,908,3441.912976
267.20673,902,3442.411224
266.802946,901,3442.909937
267.802974,880,3443.393868
269.002024,881,3455.476396
270.454059,867,3455.963855
268.570228,890,3456.458955
270.263173,866,3456.939631
269.591372,876,3457.428009
269.2374,879,3468.783453
268.863159,877,3469.270362
267.397389,894,3469.768809
266.417664,904,3470.268766
266.970604,901,3470.766878
264.579996,926,3482.953191
268.722574,876,3483.434199
268.771163,888,3483.919818
263.722788,928,3484.429258
267.088645,901,3484.926489
267.969433,892,3497.041405
268.706292,883,3497.537338
268.524733,881,3498.030322
269.788238,867,3498.510462
267.101656,899,3499.010858
273.166202,845,3511.076525
271.841893,853,3511.545891
268.577569,888,3512.034405
265.625118,916,3512.540867
269.505867,872,3513.022198
268.909555,891,3525.11514
271.665397,856,3525.595075
269.082605,895,3526.098248
270.439245,869,3526.584203
273.237154,843,3527.052843
271.531696,861,3539.184566
268.313558,885,3539.724831
268.152743,890,3540.264789
269.749048,865,3540.753961
268.128686,881,3541.245924
268.188495,891,3553.502184
265.775379,908,3554.006059
266.576217,896,3554.504111
268.944587,881,3554.989808
269.645103,869,3555.471112
271.23695,855,3567.628592
270.59521,866,3568.108209
270.88155,852,3568.614303
270.382476,870,3569.094604
268.269701,886,3569.591008
262.939548,931,3580.963734
267.133802,884,3581.45191
270.921917,854,3581.920747
271.253363,856,3582.393035
269.547867,862,3582.871576
268.104543,890,3594.954818
270.691191,858,3595.433909
270.24407,867,3595.918
264.873842,923,3596.43743
269.762752,868,3596.922175
269.14058,872,3609.150716
267.216255,892,3609.651027
267.651286,888,3610.148979
268.096221,881,3610.642609
269.049124,864,3611.122859
269.512621,879,3623.218206
268.369352,885,3623.720053
269.489206,874,3624.199202
269.002517,878,3624.683527
267.704828,885,3625.177913
269.625263,871,3637.396146
269.713895,869,3637.900398
269.821302,872,3638.382454
268.734037,877,3638.87248
270.754522,868,3639.376394
270.483033,860,3651.371608
268.452956,880,3651.85364
268.138052,882,3652.334449
269.453841,878,3652.813143
269.068914,880,3653.290699
270.842741,863,3665.181215
270.473624,866,3665.65462
268.203694,884,3666.139286
270.647239,858,3666.608726
271.440722,861,3667.084421
270.912804,859,3678.946227
270.765773,856,3679.406146
271.714585,855,3679.866311
270.032986,867,3680.332469
269.316059,874,3680.82924
270.872229,866,3692.751348
270.585008,858,3693.216082
268.98379,875,3693.693625
270.180584,862,3694.163592
270.646729,871,3694.648789
272.354381,847,3705.832856
270.250028,869,3706.308148
45.530159,497,3706.578552
272.39199,852,3707.043466
271.408671,858,3707.510337
158.509394,850,3719.410807
37.469294,509,3719.685762
270.171151,872,3720.156153
272.804553,842,3720.610463
271.961391,857,3721.075889
273.678068,842,3732.88849
270.269744,865,3733.356023
159.591538,847,3733.816833
272.519727,849,3734.27895
270.105705,873,3734.753039
271.62709,851,3746.721712
269.846901,864,3747.215813
269.859739,869,3747.693897
270.243872,863,3748.162599
268.303974,877,3748.638729
271.303462,848,3760.516304
271.418065,857,3760.977605
272.793832,843,3761.432657
270.604886,859,3761.896807
270.984312,854,3762.358627
271.439688,853,3774.107419
270.326101,863,3774.572893
267.078642,897,3775.052559
269.330649,868,3775.514621
270.901351,859,3775.971841
270.093888,872,3787.812235
270.094447,865,3788.281618
271.201108,857,3788.741492
269.582061,867,3789.207226
268.315362,885,3789.684355
269.830383,870,3801.458546
268.669542,874,3801.932114
267.908348,881,3802.404409
268.170275,884,3802.88047
269.446125,873,3803.348875
270.642933,855,3815.015083
270.188787,863,3815.47812
269.456943,871,3815.943173
270.529573,862,3816.403611
270.183902,862,3816.865477
269.896044,868,3827.849221
269.756393,872,3828.314137
268.120464,879,3828.786825
269.06535,872,3829.253774
266.447659,895,3829.734112
269.933141,866,3841.423188
270.109146,862,3841.884238
272.298223,845,3842.341605
270.623716,854,3842.79872
269.734271,865,3843.259184
270.109796,865,3855.289003
269.459655,869,3855.75966
268.706836,878,3856.235544
268.586453,878,3856.710191
270.149851,862,3857.17465
272.103786,848,3868.960095
270.585338,855,3869.422043
271.405354,857,3869.883482
270.441934,855,3870.341999
271.236867,851,3870.797067
271.821298,847,3882.620028
271.56873,846,3883.073031
271.380296,855,3883.529181
270.179117,857,3883.98914
270.813184,856,3884.447676
270.955999,856,3896.241185
270.892786,855,3896.698839
269.478181,868,3897.163758
269.610363,863,3897.6258
271.035419,849,3898.080052
271.162878,849,3909.922387
272.179635,843,3910.384779
269.953939,864,3910.856837
271.829751,850,3911.319256
271.859505,848,3911.778471
272.630035,841,3923.624279
271.565124,850,3924.084662
271.294357,852,3924.542989
270.41727,856,3925.005928
268.754617,867,3925.473276
271.176342,853,3936.624539
269.44065,870,3937.105343
271.884756,846,3937.572077
270.754068,853,3938.041158
271.785957,848,3938.49754
268.504366,882,3950.421329
269.667165,865,3950.886208
270.592786,860,3951.348054
267.081849,899,3951.826326
271.396289,856,3952.285207
271.138861,854,3964.192829
271.148659,854,3964.652589
271.806141,850,3965.106314
271.979258,847,3965.558214
270.959936,852,3966.011881
270.80604,859,3977.847197
269.41424,877,3978.333909
270.688797,863,3978.813612
269.517965,873,3979.297469
271.557607,851,3979.7695
270.4394,853,3991.648539
273.48052,833,3992.094601
270.841493,849,3992.548231
272.120356,849,3992.998358
273.605053,831,3993.443264
272.965165,841,4005.247429
272.947904,839,4005.710141
271.949912,844,4006.17288
271.446701,848,4006.639853
272.697371,844,4007.096528
272.266536,839,4018.954079
272.069963,840,4019.410181
273.110687,835,4019.862347
274.036551,834,4020.311896
272.698729,841,4020.767027
273.809247,836,4032.617179
271.850202,842,4033.069177
273.784036,833,4033.517677
271.918589,847,4033.974172
272.284846,850,4034.43259
273.423728,837,4046.314445
273.699442,830,4046.767203
272.67354,842,4047.221938
274.069343,834,4047.67558
271.981087,845,4048.132457
272.217297,843,4059.298189
273.718545,838,4059.746562
272.706324,845,4060.199605
272.719074,842,4060.653629
273.347298,837,4061.102397
273.605723,834,4072.864918
272.684852,839,4073.310479
273.576604,831,4073.754792
273.435146,831,4074.19899
272.621786,838,4074.645358
273.244581,839,4086.445274
273.001437,837,4086.902129
271.876574,845,4087.364307
272.880176,840,4087.821922
273.144483,838,4088.27994
271.695281,854,4100.135317
273.034575,842,4100.586531
271.307458,850,4101.039592
272.612864,842,4101.492362
271.502686,854,4101.950442
272.260693,848,4113.744812
271.926112,848,4114.202256
272.108977,855,4114.660572
272.349946,841,4115.123034
273.715315,830,4115.600123
273.774749,833,4127.383887
273.055272,838,4127.839449
272.314538,847,4128.300867
272.718964,839,4128.756658
274.455501,829,4129.206859
269.579788,866,4141.173802
272.762135,836,4141.632769
273.940554,831,4142.094696
272.785318,838,4142.550659
274.199549,825,4142.997027
273.948627,832,4155.001484
272.862785,846,4155.458269
273.694692,826,4155.904117
273.633166,832,4156.354059
274.163823,826,4156.800634
273.766786,832,4168.044884
272.133943,842,4168.503692
273.396442,827,4168.950892
274.454498,826,4169.401687
274.413892,824,4169.849949
273.066889,837,4181.776085
273.715386,828,4182.230045
274.733193,825,4182.678088
273.121172,842,4183.137368
274.041168,828,4183.587544
2212.677065
267.429682,945,2215.592944
264.393539,967,2217.112716
66.096098,642,2217.593924
265.844545,956,2219.072666
145.846847,951,2219.798735
267.191178,945,2220.514178
266.941773,939,2221.983512
264.60047,963,2222.70542
267.920414,933,2224.176164
263.485252,975,2224.912403
43.173327,535,2226.066086
267.86913,942,2228.994956
264.812823,968,2229.715335
264.958939,962,2231.19775
267.072398,947,2231.896202
263.708317,977,2233.402503
265.412713,955,2234.118397
268.206456,936,2235.574107
269.897101,910,2236.248498
264.564332,969,2237.743813
43.647576,571,2238.16761
266.857448,933,2238.865707
266.03092,956,2242.215226
263.909914,981,2242.947829
267.661831,938,2244.398133
263.712283,969,2245.120575
263.200804,972,2246.605357
264.159836,967,2247.327514
264.980356,956,2248.79587
268.814827,927,2249.486123
258.317008,1022,2251.022619
266.591231,934,2251.732452
266.217652,935,2253.18478
265.002178,956,2256.019118
263.168437,981,2257.525805
262.871967,985,2258.273626
264.365323,958,2259.737847
264.829609,955,2260.454265
59.061025,644,2260.934712
268.132258,931,2262.40576
268.55503,924,2263.099391
267.612918,936,2264.570573
263.505836,971,2265.305352
269.017351,921,2266.735522
267.384852,936,2269.632689
266.114031,949,2271.106433
2.92177,412,2271.414384
264.582181,964,2272.133173
262.01228,1000,2273.621836
95.466007,707,2274.157216
-5.691227,401,2274.457952
0.530969,380,2274.74371
266.671151,937,2276.194188
269.095714,926,2276.882686
266.259003,944,2278.365225
11.313317,443,2278.702489
268.541144,923,2279.402266
266.833874,930,2283.306072
261.70382,989,2284.071128
268.363171,922,2285.553856
263.534687,975,2286.287716
264.511666,965,2287.782154
263.195364,979,2288.519959
263.178313,976,2290.004252
160.94102,958,2290.731421
-25.352284,321,2290.977385
265.755825,956,2292.458442
258.54691,1027,2293.237708
262.129517,977,2297.117755
261.825928,993,2297.863743
267.376069,952,2299.407023
267.135126,953,2300.157023
266.721724,946,2301.612153
-81.812951,174,2301.744088
261.560731,997,2302.492786
262.107125,995,2303.990048
265.507294,956,2304.712332
263.687483,970,2306.21139
264.252661,968,2306.934477
268.404682,925,2310.730917
267.8236,939,2311.437874
267.786344,947,2312.912733
267.278686,936,2313.634739
45.327403,534,2314.036976
268.335371,940,2315.478943
269.055494,926,2316.172006
265.671036,947,2317.611755
268.291947,930,2318.315255
266.598575,934,2319.779
263.563162,967,2320.513828
264.789765,962,2323.498739
127.07296,848,2324.916226
43.021454,529,2325.316486
268.391745,926,2326.792669
-31.061836,323,2327.050101
253.957473,1078,2327.866354
267.058896,942,2329.341744
264.075901,978,2330.093281
266.745435,944,2331.556944
266.22868,951,2332.285377
266.69711,946,2333.759216
257.353834,1047,2336.99671
264.416562,963,2338.472231
264.331274,974,2339.228523
262.848615,985,2340.738622
260.853972,999,2341.521654
265.719852,950,2342.249751
264.145759,972,2343.771549
263.735392,969,2344.528013
265.391876,952,2346.015956
265.180376,956,2346.741612
263.716636,974,2348.244893
263.636249,972,2351.397089
97.856228,771,2352.741406
269.049336,918,2353.452993
255.912631,1053,2355.024717
266.009739,945,2355.749823
265.104756,960,2357.23604
77.92774,680,2357.758674
263.739348,968,2358.488045
264.38232,958,2359.974696
262.502439,980,2360.716429
261.642936,992,2364.678819
259.494041,1011,2365.436385
263.036994,973,2366.958918
263.492643,959,2367.700282
257.33081,1027,2369.257828
-46.579568,303,2369.486108
266.616988,935,2370.185212
262.664845,986,2371.675995
152.650788,1010,2372.44338
262.263839,975,2373.956871
263.04293,975,2374.697911
257.646538,1035,2378.613967
259.959017,1015,2379.382444
264.097347,970,2380.876141
263.021684,972,2381.615013
263.582096,972,2383.050958
264.263922,967,2383.79507
262.212546,982,2385.276191
264.080734,958,2386.018821
268.351423,935,2387.474768
267.733755,925,2388.191198
264.658667,962,2389.674446
264.597594,956,2392.829308
264.283901,972,2393.573044
263.565536,967,2395.077548
-21.739447,375,2395.367682
261.904121,980,2396.821218
263.718391,975,2397.562016
270.144585,907,2398.989447
263.324519,981,2399.739343
265.039617,950,2400.45923
262.437672,974,2401.963352
266.083492,942,2402.736398
266.420144,938,2406.685826
264.919073,952,2407.395352
264.445336,954,2408.861111
267.079825,936,2409.566423
264.770322,952,2411.04493
263.184739,969,2411.786237
260.6378,991,2413.292262
263.323419,962,2414.038152
267.746476,937,2415.498866
267.79749,942,2416.227188
135.369443,951,2420.155626
266.079624,946,2420.881612
265.216034,946,2421.605255
266.290919,951,2423.086274
265.89971,944,2423.799363
258.567337,1030,2425.35728
267.2877,940,2426.057777
267.349144,935,2427.51487
263.964253,983,2428.244522
262.645984,974,2429.719488
259.726994,1016,2430.494915
264.272491,966,2434.344606
77.285409,708,2434.879616
263.839421,964,2436.35265
266.728777,939,2437.070115
264.526432,955,2437.797779
267.404283,931,2439.28781
268.532293,922,2439.98941
269.054547,927,2441.458076
261.955585,979,2442.20525
266.449171,946,2443.698079
96.922544,757,2444.268945
262.233073,974,2448.210721
262.733859,974,2448.956214
264.224736,960,2450.427926
263.146115,964,2451.171515
254.393215,1053,2452.7306
266.642555,937,2453.449216
264.571506,958,2454.167959
267.206994,938,2455.631625
263.504124,960,2456.346356
268.09302,928,2457.793513
266.794072,942,2460.895148
262.015512,991,2462.406837
267.394267,932,2463.115338
266.557433,942,2464.584046
261.798307,996,2465.341064
266.453418,953,2466.803295
266.556059,943,2467.523516
-39.771016,288,2467.74371
263.918961,972,2469.236377
267.827824,944,2469.949164
262.709904,987,2471.455228
269.97834,916,2474.54546
267.344366,938,2476.009317
262.172238,989,2476.75856
134.496481,847,2477.398236
264.570914,961,2478.890813
268.639858,929,2479.593225
270.926272,906,2481.043719
267.740731,938,2481.742499
267.354412,940,2483.208622
269.399952,918,2483.907568
267.352201,935,2485.392118
-65.248287,223,2485.567425
271.423096,904,2488.404167
267.372846,934,2489.857774
269.189556,911,2490.548504
266.009911,953,2492.006632
-61.700084,214,2492.166318
268.601139,927,2492.89096
270.47304,908,2494.324788
268.585167,928,2495.034587
266.512063,945,2495.742489
269.885009,901,2497.195334
266.319853,941,2497.903678
269.994482,918,2501.763307
267.185639,939,2502.472834
262.613693,991,2503.982111
268.170829,927,2504.692362
270.530784,901,2506.175125
268.330745,915,2506.924611
265.01878,950,2508.3938
265.47011,939,2509.138393
262.874218,982,2509.904147
263.959442,971,2511.419983
266.968652,932,2512.123109
265.867255,941,2515.973546
267.316357,939,2516.689581
263.676097,978,2518.189961
263.240314,981,2518.923768
270.289452,907,2520.385016
269.909976,912,2521.076293
265.655193,950,2522.558859
270.869272,897,2523.246131
144.670279,957,2524.718849
257.640331,1037,2525.507829
269.187288,915,2528.959109
267.950827,931,2529.664227
261.511359,995,2530.396887
263.280485,971,2531.875259
270.796284,897,2532.53844
269.178819,928,2533.990795
263.888278,962,2534.714288
267.149948,936,2536.15039
142.846718,964,2536.8792
265.177846,945,2538.356163
269.319137,911,2539.054004
270.136973,904,2542.848348
272.107082,888,2543.531489
262.771933,976,2544.262135
266.507515,945,2545.7352
267.356557,932,2546.431869
267.030242,932,2547.891819
264.849088,962,2548.610058
271.247396,896,2550.02964
270.842578,898,2550.699315
266.286872,944,2552.161552
265.011827,961,2552.902305
265.091634,955,2556.752531
262.652813,995,2557.524522
269.267252,913,2558.972675
268.587264,921,2559.677933
269.277223,930,2560.378604
264.347014,970,2561.883607
266.88751,937,2562.586025
269.218318,915,2564.044263
269.201423,910,2564.755784
268.503383,916,2566.204009
271.611934,885,2569.230023
270.149826,916,2570.673031
264.093223,961,2571.401351
269.614051,912,2572.086517
268.302501,936,2573.581434
269.596876,913,2574.271233
270.055044,905,2575.726712
264.6606,968,2576.468091
269.477717,919,2577.92633
264.87886,960,2578.665824
267.223188,942,2580.125982
270.373763,914,2582.821318
266.965456,946,2584.269532
77.353001,627,2584.765967
260.894481,1004,2585.521009
267.180878,941,2587.009098
270.023998,912,2587.699002
271.067757,899,2589.157744
266.555674,940,2589.874118
266.740502,943,2591.345285
153.925904,926,2592.047063
268.350288,937,2593.499544
270.078568,904,2596.540898
268.591866,914,2597.215744
270.300543,903,2598.679768
269.500129,911,2599.355343
269.292245,923,2600.798624
268.860657,918,2601.480381
267.427735,928,2602.918975
11.670785,441,2603.259142
265.649539,951,2603.961283
265.873884,957,2605.443345
266.543631,936,2606.13744
34.961398,556,2607.300054
265.553006,944,2610.514114
268.366531,910,2611.201607
266.001765,947,2612.69932
268.658399,911,2613.379862
267.691076,927,2614.78729
267.53843,928,2615.479697
266.950642,940,2616.882555
266.957582,933,2617.59262
268.923942,917,2619.018406
268.420974,918,2619.714188
267.4037,925,2621.166647
262.792676,961,2624.296427
267.645586,930,2625.007054
267.445995,933,2626.449069
23.41393,466,2626.798673
268.54869,909,2628.228538
267.132438,927,2628.948946
268.492173,912,2629.634085
268.786631,917,2631.037174
268.837095,910,2631.730212
266.405684,937,2633.245829
263.439694,964,2634.003173
267.521768,924,2637.927315
267.734959,920,2638.630764
268.855465,915,2640.091138
-108.102809,95,2640.165447
266.665524,937,2640.889765
267.754666,922,2642.369461
265.689394,938,2643.094065
266.770304,934,2644.568869
262.598974,970,2645.337016
267.507789,921,2646.054684
262.443843,966,2647.559757
128.864799,819,2648.181125
265.051949,954,2652.11872
263.648128,964,2652.848174
267.109353,929,2654.31701
262.999477,964,2655.091443
265.38471,947,2656.569309
262.270192,970,2657.313358
262.248204,971,2658.80176
265.147693,939,2659.524612
265.509852,952,2660.99323
263.593677,965,2661.728598
263.1155,959,2664.881668
261.919791,970,2666.368731
265.704822,937,2667.088341
264.912233,959,2668.600211
265.783304,945,2669.31698
262.98623,962,2670.792737
265.165413,946,2671.506524
265.03567,953,2672.984112
265.572453,936,2673.701041
261.251365,975,2675.199575
264.630509,948,2675.919717
265.469031,934,2679.830501
261.581181,975,2680.592765
266.012027,930,2681.291897
260.967352,983,2682.788703
264.827974,942,2683.498452
268.834539,906,2684.926526
263.10948,964,2685.666916
257.433707,1017,2687.206309
69.516569,642,2687.691973
265.680227,937,2689.156124
266.623354,936,2692.16302
264.657307,939,2693.617519
266.867212,918,2694.314513
267.592649,920,2695.032101
264.943274,939,2696.451335
264.00811,954,2697.160913
265.72916,946,2698.569926
-115.739761,89,2698.636704
261.918951,969,2699.360019
265.890909,941,2700.753139
265.936981,929,2701.449077
262.257445,968,2702.854677
266.227789,929,2703.81398
267.581544,924,2705.194895
267.19051,919,2705.891956
261.29596,974,2707.309521
-122.214825,121,2707.399626
263.349421,950,2708.10719
262.114117,974,2709.572387
259.503421,993,2710.320052
259.290252,996,2711.827248
265.45168,951,2712.6252
265.42209,937,2713.377593
266.948557,916,2717.196745
263.615154,958,2717.91028
264.406932,946,2719.3977
271.065494,897,2720.068212
26.177862,513,2720.445039
265.751494,925,2721.882962
265.347509,929,2722.573003
262.208304,974,2724.000738
264.251382,938,2724.697531
264.66664,941,2726.133162
259.516476,1000,2726.874707
263.858006,947,2730.701929
-123.957851,111,2730.785272
265.726764,927,2731.475912
267.097074,920,2732.876903
261.254145,972,2733.611588
259.707001,982,2735.040614
264.261414,962,2735.774277
264.358645,956,2737.270816
264.312414,938,2737.992928
268.358625,901,2738.675428
266.293299,932,2740.157202
263.005432,953,2740.874848
265.458236,939,2744.846208
268.253422,912,2745.547803
262.639054,962,2747.08258
265.423256,936,2747.790313
269.525663,903,2749.247222
-47.868122,254,2749.445418
-107.236983,70,2749.499707
266.967421,925,2750.193943
-110.94725,97,2750.266943
259.361562,991,2751.787641
264.863184,942,2752.493403
267.296667,918,2753.932785
265.660596,934,2754.638444
264.643775,953,2758.50835
264.273882,945,2759.23334
-108.369946,69,2759.286154
267.532547,926,2760.726127
262.97371,956,2761.451793
265.977817,932,2762.896835
264.679465,941,2763.61108
-105.07826,94,2763.681434
267.650035,909,2764.356873
-118.478029,78,2765.176327
266.817028,934,2765.884103
263.164415,962,2766.599274
261.027134,968,2768.089221
263.821929,952,2771.241774
264.171707,955,2772.72205
264.764626,943,2773.421292
264.125984,953,2774.889301
264.229477,952,2775.601737
263.080016,952,2777.071041
266.472393,912,2777.763988
258.923888,996,2779.270099
261.973767,972,2780.004752
265.161926,944,2781.464897
262.906189,955,2782.19189
265.331647,938,2785.328261
262.07055,970,2786.830734
267.278588,915,2787.51354
258.806678,1001,2789.039224
261.062318,971,2789.762946
-1.645121,405,2790.810373
264.177716,950,2791.535334
268.096503,914,2792.216198
259.057129,995,2793.702025
266.211811,929,2794.400453
43.4387,520,2795.535922
262.071417,965,2798.695245
262.972212,952,2800.154423
265.675858,929,2800.852151
264.09343,946,2802.297863
263.364802,949,2803.018676
262.980888,948,2803.724934
265.400014,922,2805.201942
263.247736,961,2805.927854
260.773914,984,2807.444937
268.525761,902,2808.116496
265.675543,939,2809.601088
260.193322,982,2812.74016
264.228392,946,2814.21667
269.028783,902,2814.902711
264.282035,946,2816.455623
268.568806,913,2817.153083
266.181327,929,2817.846618
265.09127,948,2819.313931
267.457689,924,2820.011617
265.697988,927,2821.476997
265.794764,935,2822.18784
265.18379,928,2823.641433
263.820445,949,2826.842828
264.330283,950,2828.355486
264.039967,945,2829.065451
265.950398,935,2830.522063
260.465658,976,2831.270347
266.051086,934,2832.727568
267.236483,910,2833.415223
264.335685,943,2834.128124
263.139197,955,2835.630273
257.855606,1018,2836.393783
264.843501,946,2840.352682
264.848168,942,2841.07482
268.02632,925,2842.57154
265.733394,940,2843.273817
267.527542,914,2844.714627
271.397403,881,2845.401123
261.077862,978,2846.896011
265.828469,936,2847.611905
263.173687,970,2849.116081
261.575304,983,2849.865995
267.971977,915,2850.555133
269.155654,907,2854.381451
266.452523,944,2855.101194
267.18326,931,2856.561114
263.907772,960,2857.293605
27.983922,538,2858.458155
265.453182,951,2859.200132
266.067946,937,2859.913913
267.226524,925,2861.391308
265.628498,941,2862.095088
266.213209,931,2863.555239
264.24222,962,2864.279541
269.119909,914,2868.10534
267.87771,928,2868.825245
267.467855,929,2870.317297
271.722506,880,2871.018347
267.402165,929,2872.513503
269.787299,909,2873.205116
267.752457,936,2873.903934
266.945832,929,2875.356526
33.593792,491,2875.722593
269.509233,919,2877.172859
269.263394,913,2877.860042
265.308992,939,2880.89396
270.426148,902,2882.330959
267.7252,924,2883.019059
265.662219,947,2884.490709
269.366884,908,2885.176668
267.869446,923,2886.636549
266.629483,927,2887.345334
263.441773,959,2888.8204
-112.306112,79,2888.881656
268.48873,912,2889.602656
266.193832,930,2891.073096
264.08834,955,2891.794611
262.728747,963,2895.649495
266.176237,932,2896.358915
265.683469,941,2897.065489
268.562102,908,2898.517531
268.387573,915,2899.20909
264.778994,949,2900.697015
265.199776,940,2901.398355
260.255433,991,2902.894202
260.522339,993,2903.642799
266.644014,931,2905.100767
265.109998,945,2908.192071
266.471767,931,2909.653727
264.95789,936,2910.372106
265.438516,938,2911.840707
263.263197,954,2912.579078
-109.41669,89,2912.64845
264.537308,950,2913.372433
266.612882,929,2914.840624
260.984383,981,2915.584806
265.234681,937,2917.083717
263.102729,958,2917.805639
264.392745,946,2919.335966
265.785701,933,2922.40197
264.330421,950,2923.882809
117.039175,810,2924.493224
266.545364,936,2925.938997
265.978532,942,2926.673553
266.16541,932,2927.362376
262.540851,965,2928.847293
271.151331,889,2929.50656
264.504069,950,2931.010097
270.408456,891,2931.681108
265.585433,946,2933.159095
263.114214,966,2936.205729
264.919283,938,2937.655587
268.354936,912,2938.340058
266.314965,934,2939.790062
262.155398,975,2940.522034
267.143426,934,2941.98087
268.825045,913,2942.683881
267.852835,925,2943.387851
270.91726,892,2944.84229
264.540119,956,2945.562294
267.838585,919,2947.010651
265.098545,943,2950.070785
158.361375,918,2951.539835
265.453551,947,2952.269134
134.50141,833,2953.655138
2.901987,479,2954.029001
268.487219,924,2954.73509
268.289027,927,2956.185108
269.572398,912,2956.886606
263.838742,960,2958.361936
268.465179,923,2959.066597
267.518616,937,2960.547424
266.397233,932,2963.578595
267.521223,924,2964.282217
137.940777,866,2965.712619
269.008915,907,2966.395825
266.516234,933,2967.847751
271.217526,884,2968.515058
266.103973,935,2969.969875
264.579726,957,2970.705227
267.406861,932,2972.156104
264.335155,972,2972.895547
271.362381,892,2973.563966
267.958515,918,2977.340092
108.837336,709,2977.877599
266.927231,923,2979.349096
263.682414,962,2980.0878
270.333044,892,2981.521372
267.482297,925,2982.230922
266.473198,932,2983.659182
-107.310395,91,2983.728688
265.719798,936,2984.44318
265.28761,948,2985.152095
267.42623,926,2986.622359
267.736505,927,2987.314527
263.694747,965,2991.126691
-34.592765,329,2991.373376
266.896128,931,2992.070692
264.377943,959,2993.559454
267.08888,926,2994.258899
261.921751,969,2995.833354
267.389107,923,2996.607173
267.393704,924,2998.148459
267.672287,924,2998.864521
271.424728,885,3000.337942
263.961857,958,3001.09342
268.513541,911,3004.908398
264.794347,955,3005.654377
-13.596255,387,3005.952353
-50.799652,230,3006.130266
266.811628,932,3007.636029
264.943267,950,3008.35762
265.464961,943,3009.846029
40.605368,539,3010.266789
266.176884,940,3010.982756
266.864111,924,3012.482994
264.072473,949,3013.223464
266.392669,931,3014.809623
257.759485,1020,3018.086543
267.603929,920,3019.599297
267.816388,906,3020.316541
262.405558,963,3021.8586
263.587056,956,3022.688679
268.850168,902,3024.242749
263.74117,963,3025.004609
267.648687,920,3025.727605
266.48956,930,3027.254705
100.032741,733,3027.836171
266.941308,928,3029.438975
268.472621,906,3032.559108
267.483231,923,3034.018018
270.572378,893,3034.734314
267.177605,917,3036.220189
266.176009,936,3036.981683
269.331893,906,3037.681695
269.847668,893,3039.168729
265.422565,928,3039.882468
266.309722,923,3041.35068
268.892273,900,3042.04305
267.15138,926,3043.515884
269.356499,902,3046.541519
265.200032,935,3048.015153
269.608832,902,3048.733646
263.718168,946,3049.456677
262.852362,961,3050.961954
266.143645,931,3051.672018
265.853108,932,3053.20941
267.113717,924,3053.921186
268.279029,907,3055.440497
267.79407,921,3056.175114
271.298332,886,3057.621862
269.898903,910,3060.698324
270.867816,884,3061.382113
270.882281,893,3062.881895
269.699239,902,3063.573171
132.597133,830,3064.96271
268.556178,909,3065.675699
267.744224,919,3067.105978
265.9869,930,3067.832231
264.197484,948,3069.314443
267.577271,915,3070.025718
-111.926837,94,3070.097896
266.452578,924,3071.597818
268.715551,905,3074.754779
269.516993,907,3075.48223
268.988941,902,3076.979327
60.95424,583,3077.43469
268.6155,908,3078.95642
269.586534,897,3079.687805
265.689431,933,3080.423338
153.646349,876,3081.914667
266.677516,925,3082.653054
266.463621,924,3084.246553
268.089646,908,3084.953183
265.552672,939,3088.883961
268.208188,903,3089.611027
268.410484,913,3091.126729
264.014598,947,3091.892064
268.690194,912,3092.59822
271.243125,879,3094.197986
269.28562,906,3094.927481
265.240402,940,3096.539028
-0.3483,368,3096.829304
270.090272,889,3097.563358
266.283542,928,3099.113295
267.210537,927,3099.845011
265.68651,933,3103.747183
151.697574,873,3104.448433
268.090938,918,3105.948364
265.861533,934,3106.691606
269.796824,898,3108.192349
270.271155,890,3108.934724
272.432628,880,3109.632702
267.108064,921,3111.211656
272.132741,877,3111.904801
269.352043,902,3113.413226
271.681016,885,3114.099393
267.279344,912,3117.923059
265.764659,936,3118.680685
269.602879,896,3120.152638
270.203234,893,3120.893323
70.202459,643,3121.392516
267.287164,916,3122.923939
267.235435,919,3123.631521
269.490875,898,3125.058521
272.091055,869,3125.794639
269.6626,901,3126.553456
274.329935,844,3128.02529
272.353642,870,3131.028084
267.552664,919,3132.520186
-35.017018,291,3132.752557
158.394868,889,3133.435624
269.300461,899,3134.950292
271.58755,883,3135.625298
267.339969,916,3137.107387
266.625238,923,3137.82777
-110.9982,91,3137.897299
265.401881,933,3139.389906
-45.401796,310,3139.638326
266.406656,933,3140.389934
125.272804,774,3141.778477
36.238105,478,3142.173664
267.337213,911,3144.947058
270.289641,893,3146.463179
268.893402,906,3147.185024
270.032153,886,3148.668965
269.785617,881,3149.372103
268.160187,913,3150.090698
272.117648,868,3151.584144
270.233635,887,3152.271271
6.059328,382,3152.573843
262.873874,958,3154.187055
266.695646,922,3154.938799
268.291093,905,3156.466299
265.13071,927,3159.644695
267.183693,901,3161.154077
269.86649,884,3161.85687
267.985436,909,3163.328809
80.371252,630,3163.841752
272.307802,866,3164.530622
269.658111,895,3166.055072
272.598403,859,3166.755146
268.966374,890,3168.243392
265.062511,924,3169.001628
269.499129,896,3170.487472
264.696824,933,3173.728081
264.250873,936,3174.458182
23.923475,467,3175.585548
267.262793,917,3176.313479
265.82273,916,3177.813283
266.415604,915,3178.536649
266.012858,921,3179.240696
264.057041,941,3180.768039
266.694829,913,3181.472141
270.698313,879,3183.01828
-2.118121,355,3183.317129
269.521942,886,3183.99915
70.376071,619,3185.281141
268.742419,895,3188.358135
270.557603,878,3189.844767
29.851991,505,3190.267323
-19.089063,321,3190.534032
263.809023,942,3191.301454
268.187997,897,3192.774028
267.036797,913,3193.490306
265.544362,922,3194.999468
268.59227,897,3195.690851
25.507777,471,3196.061178
270.493937,879,3197.504533
263.161487,937,3198.252074
269.029893,902,3202.057627
265.013694,927,3202.770865
267.84505,900,3204.328523
-110.792045,142,3204.457192
270.018771,892,3205.188092
271.968503,870,3206.702485
267.112993,917,3207.450283
269.914058,877,3208.156
264.017781,931,3209.728278
266.89268,915,3210.465484
268.625733,894,3211.955521
-107.533918,52,3211.999306
267.953227,896,3212.716965
267.809167,904,3216.720126
268.528064,892,3217.443688
268.595673,885,3218.949716
269.165129,899,3219.662713
117.816575,789,3220.299622
266.419004,928,3221.813382
266.457935,924,3222.548465
20.595387,440,3223.669456
265.316009,926,3224.386277
89.423451,627,3224.874538
264.615651,947,3226.368395
265.956726,915,3227.099812
266.058959,923,3230.869112
260.623497,981,3231.673333
44.535889,566,3232.132778
123.439609,766,3233.553231
42.293758,540,3233.979069
267.821908,901,3234.741194
-35.579607,284,3235.796648
266.307949,912,3236.562614
269.374176,896,3237.275516
266.346455,922,3238.909456
268.870111,889,3239.739844
268.937066,903,3241.424001
265.250379,924,3242.194016
265.931693,921,3245.825643
266.635357,910,3246.53376
265.673446,916,3248.093119
98.186939,744,3248.705932
266.871885,910,3249.455768
268.920611,895,3251.212211
265.860328,921,3251.976296
266.682218,914,3253.516351
73.051593,662,3254.030342
266.71689,899,3255.503449
264.982563,936,3256.240838
266.263896,914,3259.457307
266.640742,911,3260.942148
264.717664,927,3261.714205
116.51333,762,3263.325341
265.095014,929,3264.082911
266.530117,904,3265.55705
267.423124,911,3266.301651
87.730688,648,3266.882409
15.427825,440,3268.042777
268.815885,897,3268.859056
269.036557,888,3269.633754
128.950499,774,3271.073482
262.204889,949,3274.313643
267.48325,903,3276.026149
266.482016,912,3276.732785
265.343735,930,3278.226788
267.908692,904,3278.936976
269.202623,886,3279.627004
265.603816,926,3281.173134
265.474992,922,3281.897655
263.656954,941,3283.497809
266.554166,909,3284.218111
268.78928,889,3285.826359
267.998527,893,3289.167312
264.020133,938,3290.679671
265.160247,925,3291.427505
272.350795,865,3292.094267
264.249604,937,3293.604882
260.996467,970,3294.349606
267.251647,903,3295.859094
266.018276,910,3296.56582
268.70012,903,3298.07293
263.696484,929,3298.818223
267.649285,893,3300.305162
268.48,899,3303.377574
268.966712,882,3304.859059
266.80333,905,3305.581585
128.931803,787,3306.232461
268.791485,887,3307.99392
102.99934,740,3308.631122
116.383582,850,3310.072806
-57.384017,226,3310.248421
263.542774,941,3310.984648
261.239141,961,3312.475939
263.110648,935,3313.223246
262.697108,954,3314.729757
261.94805,938,3317.966848
264.857718,934,3318.704432
-39.442258,275,3319.725328
3.79599,418,3320.056748
264.743726,927,3320.799258
260.47143,969,3322.376349
265.412818,920,3323.124204
266.10597,918,3324.624118
264.137852,927,3325.349156
264.872417,912,3326.051044
261.616354,950,3327.662027
268.140091,892,3328.401327
263.77369,936,3332.436736
262.521158,945,3333.235647
261.279547,953,3334.836821
259.451421,981,3335.581354
268.012054,886,3337.030157
263.856012,931,3337.769408
259.260212,972,3339.291379
260.97002,961,3340.03192
261.975239,952,3341.520086
262.319245,954,3342.268806
257.567679,1002,3343.049105
261.560436,950,3347.006432
29.574398,501,3347.386547
264.080569,935,3348.848794
263.694777,934,3349.574977
258.527554,979,3351.051087
265.370369,919,3351.763803
263.644189,935,3352.495406
261.879694,950,3354.007358
265.074221,923,3354.731522
262.604496,947,3356.249324
264.336654,927,3356.959865
261.111904,962,3360.9648
261.978719,953,3361.703705
264.566844,929,3363.18504
264.502409,920,3363.897094
55.711166,585,3364.346527
264.345151,922,3365.810008
261.967164,947,3366.525949
255.155853,997,3368.055304
262.090391,952,3368.776413
265.504385,921,3370.249396
263.816967,930,3370.979632
266.741913,906,3374.874332
263.496033,930,3375.597818
265.690515,919,3377.045877
263.308315,942,3377.77424
262.411941,947,3378.50472
255.428842,1026,3380.068182
267.083503,903,3380.761168
268.35577,894,3382.227425
265.143709,918,3382.925611
261.678786,956,3384.440376
267.363018,898,3387.549702
-19.834295,334,3387.806631
266.450485,922,3389.293702
263.997246,932,3390.003432
266.379088,915,3391.463204
261.524157,962,3392.20789
257.299109,992,3393.731544
260.871955,954,3394.485098
263.37924,939,3395.967524
262.952085,940,3396.695059
264.49554,931,3398.180478
261.93271,961,3398.930228
261.765596,953,3402.069948
265.328285,920,3403.515389
-2.796292,399,3403.821798
262.010175,960,3405.306172
262.472492,945,3406.03428
260.333676,961,3407.460405
21.904382,473,3407.82326
265.917323,917,3408.529717
264.522025,929,3409.970149
263.26005,946,3410.7082
263.064056,936,3412.158219
262.8703,940,3415.394042
263.735558,938,3416.109046
258.118147,988,3417.64778
258.84557,980,3418.410954
261.336466,956,3419.889848
268.967695,891,3420.555815
263.869747,933,3422.028251
264.433378,921,3422.739761
262.347901,940,3424.196618
265.476374,923,3424.912787
262.339115,945,3426.345999
267.042221,894,3429.539532
263.401748,938,3431.047994
262.684415,948,3431.807487
155.515108,846,3432.482046
49.021248,574,3433.691442
264.923614,916,3434.419399
156.40757,909,3435.924202
-21.393542,322,3436.206204
264.843171,921,3436.980654
264.711306,912,3438.44485
265.135921,921,3439.157496
262.573223,937,3440.647723
267.558886,896,3443.837515
264.303189,921,3444.564217
266.139034,913,3446.022064
263.462276,935,3446.735521
263.469047,938,3448.22976
151.066884,903,3448.92951
260.012044,971,3450.43546
262.253209,945,3451.182993
262.862814,933,3452.663437
267.553704,894,3453.363146
263.800367,935,3454.087604
263.40344,944,3458.057685
266.15251,905,3458.768862
265.76525,917,3460.255069
266.842223,901,3460.957789
260.834284,965,3462.469727
266.78212,909,3463.170281
265.724286,908,3464.631727
266.232375,916,3465.36112
265.521201,915,3466.850017
266.161999,907,3467.557908
266.246235,918,3468.262623
265.951913,911,3472.231063
263.368446,935,3472.963011
264.269156,914,3474.437698
265.312415,918,3475.156577
263.575928,932,3476.637551
265.225649,927,3477.36845
265.238408,919,3478.86258
265.062881,922,3479.611251
266.886734,908,3480.314627
262.568418,940,3481.821506
264.39458,926,3485.018865
264.569011,928,3486.507426
262.869425,947,3487.25233
262.557211,946,3488.751197
265.476631,915,3489.460177
261.756873,942,3490.948502
263.000815,936,3491.688884
267.965474,894,3493.131667
267.50978,898,3493.829987
259.755155,965,3494.566169
263.698489,933,3496.079407
264.677444,925,3499.27969
266.852199,899,3500.734167
264.522425,917,3501.438757
262.907518,942,3502.938141
264.165047,929,3503.660402
264.871242,919,3505.137761
265.846354,914,3505.852101
268.521616,885,3506.527355
268.846967,879,3507.98599
266.905174,904,3508.680351
266.158604,916,3510.17921
7.942583,413,3510.497703
262.840548,940,3513.639688
-91.258288,117,3514.494457
131.4509,815,3515.131564
266.465232,911,3515.827166
265.843925,906,3517.330697
265.389506,914,3518.042889
261.830332,943,3519.533729
269.594457,888,3520.219961
268.24594,901,3521.663478
267.728091,897,3522.36993
263.576247,939,3523.093625
265.526862,917,3524.568203
266.748428,907,3527.714922
268.994528,892,3529.167381
63.253067,602,3529.625583
262.844016,942,3531.112194
263.733477,944,3531.858913
266.641748,907,3532.562832
268.916996,888,3534.02453
268.403504,888,3534.711984
269.126208,893,3536.187774
266.878859,909,3536.895931
266.862786,902,3538.360537
264.083912,936,3541.678903
265.141738,920,3543.168237
264.705478,923,3543.897664
266.124372,913,3544.660902
265.19747,926,3546.173622
98.569921,673,3546.722915
267.333876,904,3548.176113
270.22397,876,3548.893898
263.350114,932,3550.3747
264.711793,915,3551.092329
260.355554,967,3551.838314
266.071011,908,3555.798001
265.147052,915,3556.513265
260.621695,969,3558.056563
263.787675,928,3558.771075
263.843223,926,3560.273042
265.514003,919,3560.998668
264.311298,928,3562.482713
264.476538,933,3563.211409
265.428417,914,3564.689664
264.847847,924,3565.416888
266.525834,906,3566.109461
267.411764,903,3570.044139
262.460484,941,3570.770007
264.693631,925,3572.247327
266.944853,912,3572.959221
260.788412,947,3574.487553
265.479877,926,3575.219136
79.448237,649,3575.721358
266.297837,909,3577.197662
263.416266,942,3577.916391
262.88928,945,3579.425769
265.533526,911,3580.123677
264.018949,929,3584.038769
267.17398,899,3584.741533
262.1451,949,3586.227015
265.744541,914,3586.946491
268.154998,888,3588.394251
266.671947,911,3589.107725
263.991735,933,3589.824631
264.856603,921,3591.294898
267.029953,900,3591.983581
266.514873,905,3593.457396
265.599592,910,3594.175744
266.17074,915,3598.124835
-28.64532,340,3598.400798
265.032451,923,3599.102077
265.42277,916,3600.660364
268.580593,887,3601.349091
79.747855,666,3601.89033
267.020349,902,3603.381753
264.819031,919,3604.086769
268.682635,883,3605.561504
263.879058,933,3606.282331
266.603505,912,3607.768007
265.630674,919,3608.48177
259.32537,976,3612.463349
267.420631,894,3613.16139
266.63295,909,3614.612669
266.724019,903,3615.327621
262.931518,941,3616.055944
266.321729,914,3617.54394
267.590091,899,3618.235842
263.239515,943,3619.732927
261.660653,936,3620.457877
270.96407,870,3621.888494
260.999618,955,3622.637414
265.152883,919,3626.56788
262.769126,942,3627.318818
265.102607,918,3628.027059
265.455317,920,3629.509924
259.896185,974,3630.272324
-70.564521,161,3630.401623
266.415037,908,3631.905401
263.896283,933,3632.627219
262.105746,948,3634.136254
264.499031,923,3634.866418
265.848752,908,3636.345731
267.23704,893,3639.573491
265.494278,921,3641.048887
267.257838,906,3641.742058
265.518096,910,3642.458999
263.535331,936,3644.010742
266.293191,908,3644.691519
263.678346,944,3646.203697
264.012293,936,3646.91859
268.08624,889,3648.301227
265.38862,924,3648.995613
264.079653,924,3650.445379
264.456083,927,3653.576253
262.985331,936,3655.042849
263.193174,933,3655.763874
267.122893,898,3656.444572
265.761188,920,3657.893405
265.582993,919,3658.573798
267.813639,904,3660.043566
265.222808,920,3660.744942
263.062999,939,3662.215505
261.444257,956,3662.942036
266.041569,900,3664.3894
265.419744,915,3667.477238
263.38237,938,3668.94522
266.479449,905,3669.642322
268.844492,887,3670.314337
264.905355,914,3671.764814
259.685573,969,3672.500628
264.738586,929,3673.967513
264.056991,929,3674.678306
264.441722,929,3676.144938
262.395547,942,3676.860942
264.802203,929,3678.301527
266.934711,900,3681.353764
269.042039,878,3682.022935
265.555708,920,3683.487811
261.975392,945,3684.200461
267.475838,894,3685.664021
267.249285,906,3686.362245
264.62135,929,3687.826858
267.474233,894,3688.521469
265.793798,907,3689.938319
265.54815,915,3690.643586
266.270874,905,3691.325958
266.826909,901,3695.160779
268.02769,894,3695.830983
270.431109,872,3697.276879
266.390651,906,3697.971883
265.61828,916,3699.430189
263.700717,935,3700.163445
266.877934,907,3701.603946
264.951779,915,3702.343256
269.062907,886,3703.010567
267.330582,903,3704.471679
262.630017,953,3705.189929
268.356343,893,3708.763953
264.689567,927,3709.493287
260.674406,954,3710.980196
267.353053,904,3711.674603
265.406728,932,3713.14062
266.425756,918,3713.843647
264.21098,926,3714.539386
267.727579,892,3716.002115
269.087944,881,3716.667297
-48.542608,277,3716.87687
263.796721,934,3718.346486
264.60643,930,3721.179351
267.877806,892,3722.621674
111.073794,727,3723.167948
262.988396,947,3724.633555
264.706463,927,3725.349712
267.653971,897,3726.791745
264.452569,930,3727.500894
268.827871,887,3728.167047
268.072117,890,3729.594383
266.415834,911,3730.277575
265.322018,918,3731.717868
271.299813,869,3732.372588
265.47502,916,3736.146009
80.677134,637,3736.636399
266.47819,906,3737.327756
265.640806,921,3738.801894
270.075238,884,3739.475027
270.026883,879,3740.907413
261.189065,955,3741.634684
268.169925,898,3743.068615
122.954188,791,3743.669914
263.029719,938,3744.36281
267.951859,889,3745.810833
267.939733,898,3748.971201
263.754361,936,3750.445845
269.231924,878,3751.107523
263.451407,940,3752.567991
265.561656,908,3753.274685
262.938532,938,3754.757255
266.188391,905,3755.44661
265.795027,908,3756.128632
266.906714,905,3757.573402
22.606943,518,3757.970159
266.49057,907,3759.429286
263.374509,937,3762.451589
265.234095,917,3763.139087
263.494681,929,3764.606032
268.137265,889,3765.275325
264.870205,918,3766.719575
264.59873,927,3767.417229
266.101139,909,3768.818511
265.883519,905,3769.507629
268.153528,894,3770.91791
266.391792,903,3771.619877
266.823523,903,3772.290302
265.949805,905,3776.064158
264.301863,919,3776.743882
266.227258,908,3778.18559
266.496814,905,3778.86501
262.544369,940,3780.341175
265.145554,919,3781.047602
263.51208,932,3782.509837
264.168068,922,3783.232159
263.142445,938,3784.684624
263.908104,932,3785.397093
263.78906,925,3786.089417
-54.7924,222,3787.014659
267.785406,897,3790.045995
265.643049,909,3790.728381
264.332606,926,3792.197477
261.41265,944,3792.901978
267.946733,888,3794.336923
262.051545,937,3795.040027
265.769581,907,3796.442892
265.154052,924,3797.14226
264.705467,917,3798.583939
266.945652,888,3799.254616
264.669399,918,3799.941516
262.580835,939,3803.77976
265.807785,915,3804.46342
265.129112,915,3805.946337
263.225968,931,3806.658649
259.765796,965,3808.105147
262.897337,935,3808.815405
263.065051,927,3810.20097
263.661243,922,3810.901198
264.447921,922,3812.276043
266.290482,901,3812.96584
266.591812,903,3813.641063
264.279307,924,3817.413997
262.376827,948,3818.127985
264.051967,925,3819.536957
258.048906,977,3820.268709
261.512618,951,3821.730129
263.659908,926,3822.440145
265.627487,908,3823.877247
263.645583,925,3824.585331
265.598053,903,3826.004457
265.192867,919,3826.727689
265.198285,903,3829.751016
259.391015,974,3831.246406
263.342898,929,3831.938866
261.642765,943,3833.40188
267.970973,890,3834.073797
264.261032,925,3835.502384
264.76618,912,3836.197558
261.691856,941,3837.586648
264.008571,923,3838.304821
259.786202,965,3839.774715
262.476277,940,3840.483609
265.685016,906,3843.46409
263.449835,930,3845.025508
267.454453,893,3845.713702
267.599096,892,3847.17262
265.760162,904,3847.871226
262.314144,940,3849.307604
270.017917,866,3850.017954
264.836841,914,3850.741654
267.49715,888,3852.177462
265.646285,909,3852.858063
265.986044,905,3854.294373
263.127629,935,3857.361442
264.859082,914,3858.815744
263.731232,925,3859.508159
267.395962,891,3860.911045
87.404317,688,3861.457859
266.636489,897,3862.12471
267.6241,885,3863.566218
105.145501,729,3864.115768
266.032166,902,3865.543912
267.089131,899,3866.23985
265.889323,909,3866.913628
269.256779,876,3868.320602
81.795666,667,3871.120259
272.418404,842,3872.489038
263.699606,929,3873.208566
268.041918,885,3874.632149
267.877851,888,3875.313688
268.076582,881,3875.980824
264.595072,909,3877.441844
268.504681,883,3878.109318
268.503685,885,3879.532259
269.916803,868,3880.188684
268.293327,885,3881.600008
263.843834,936,3884.615054
266.337869,907,3885.292663
266.658759,904,3886.728547
268.446388,881,3887.392345
121.570847,804,3888.759237
266.279812,898,3889.439577
267.791492,890,3890.867012
266.059294,906,3891.557728
262.743446,934,3893.009134
266.245946,901,3893.703121
266.032547,898,3894.372346
267.607325,892,3898.107185
11.68795,401,3898.407614
-15.038099,355,3898.670959
267.2217,884,3900.097956
269.702174,870,3900.756095
267.178521,890,3901.416947
265.999057,899,3902.867124
269.492955,874,3903.519096
268.326045,886,3904.970651
268.321174,883,3905.630963
266.909674,901,3907.053144
267.140333,894,3907.735534
267.393321,895,3909.16116
270.616345,864,3912.183533
267.855816,893,3912.853719
267.165481,896,3914.279586
266.931911,894,3914.954621
270.017126,874,3916.369991
265.538421,920,3917.070313
264.410566,925,3918.531135
265.359045,909,3919.228799
269.514331,872,3919.883869
266.668763,896,3921.346946
267.320932,893,3922.017122
262.436853,938,3925.807641
265.279487,908,3926.487629
265.427446,908,3927.956033
267.603977,887,3928.638488
268.710024,878,3930.06723
266.076817,901,3930.753082
267.96848,889,3931.42702
266.411235,902,3932.891295
-65.06054,180,3933.028651
269.32377,876,3933.688138
265.922362,897,3935.139158
267.388919,890,3935.818398
268.563238,878,3939.57862
265.41834,908,3940.277432
265.575742,904,3941.740625
264.710062,923,3942.449848
265.573035,913,3943.134149
267.219827,897,3944.602377
266.135504,904,3945.275044
264.37919,919,3946.741915
268.034237,888,3947.408221
266.799011,894,3948.830221
16.417766,434,3949.191054
260.023373,966,3949.923183
266.709732,903,3953.789683
268.331612,882,3954.456524
267.247865,896,3955.888269
267.340525,897,3956.574751
84.345812,657,3957.087742
268.913921,879,3958.512538
265.699631,912,3959.201901
269.497344,884,3960.624835
267.630236,889,3961.306374
21.643382,487,3961.667659
266.898371,899,3963.112667
266.083568,905,3966.06935
268.133219,882,3967.503262
266.67254,909,3968.211325
265.831922,903,3969.652911
265.980707,913,3970.361596
267.846667,884,3971.026557
267.081696,900,3972.431536
266.992421,893,3973.102689
267.664491,891,3974.521304
267.178774,889,3975.196111
265.784263,906,3976.625769
269.31836,873,3977.304845
267.558779,887,3980.388943
268.787735,879,3981.821343
270.416288,871,3982.479181
269.274432,875,3983.933583
268.352051,880,3984.590379
265.558623,907,3986.041327
269.179676,874,3986.710698
37.190901,517,3987.095094
269.295113,873,3988.515668
269.925858,867,3989.175671
269.597155,869,3990.589026
267.095984,896,3993.527904
268.401077,888,3994.185182
267.835345,891,3995.634197
267.228286,894,3996.316763
269.001669,876,3997.759234
261.783302,954,3998.466352
265.049368,917,3999.884722
267.729368,900,4000.572295
268.929085,880,4001.97463
267.387154,891,4002.647527
265.914225,911,4003.322948
267.239432,889,4004.78134
267.27956,894,4007.768683
265.803438,903,4009.207203
265.919649,906,4009.891247
268.568143,876,4011.301713
267.908035,888,4011.978693
267.87102,885,4012.641616
266.498638,908,4014.114154
264.720947,924,4014.817256
269.521226,876,4016.242994
265.919033,902,4016.9319
268.743682,880,4018.357403
265.741048,908,4021.33147
56.651103,561,4021.752857
266.138724,909,4023.216021
262.740058,935,4023.923176
271.341959,860,4025.323234
268.206998,886,4026.001324
268.355726,893,4027.423465
270.291233,872,4028.092571
77.314113,680,4028.606456
265.209317,910,4030.083002
269.339681,874,4030.740125
266.927743,893,4034.452547
268.603013,882,4035.113873
268.873941,876,4036.529658
270.044457,868,4037.195971
269.058594,882,4037.862057
-103.983862,75,4037.919226
266.698313,909,4039.38154
266.857601,899,4040.064293
267.495566,897,4041.503535
267.60921,893,4042.189216
268.123547,891,4043.624659
265.357965,916,4044.325865
266.364139,906,4045.006168
266.750523,901,4048.749716
267.321287,900,4049.439037
268.949345,878,4050.868884
268.395917,888,4051.529696
269.600947,869,4052.931509
268.673224,892,4053.61604
267.323546,894,4055.037501
269.606703,875,4055.709612
268.890495,884,4056.430405
268.645279,878,4057.923427
6.932154,426,4058.243943
270.769686,862,4061.156858
262.232892,949,4062.632254
268.992556,882,4063.287974
269.492581,874,4064.712002
267.409409,893,4065.374977
266.243956,899,4066.804655
269.553284,872,4067.483721
260.959343,959,4068.953472
270.046367,876,4069.61824
265.737166,910,4070.297941
19.366258,429,4071.368598
270.160471,868,4072.02554
269.443018,873,4074.912692
269.353582,876,4076.333771
269.847333,873,4076.983451
268.978512,873,4078.400748
-32.781532,290,4078.617338
269.939275,871,4079.268405
266.168435,902,4080.648611
267.811545,884,4081.336469
267.001591,904,4082.78054
266.608039,896,4083.492025
264.899358,915,4084.185349
269.096925,873,4085.60821
265.277187,915,4088.607024
267.482606,893,4090.044691
71.358273,593,4090.508561
267.30606,900,4091.959517
268.203263,882,4092.630609
266.282066,900,4093.304888
269.748189,869,4094.754684
31.201798,473,4095.107478
269.696332,872,4095.755812
268.223036,889,4097.193353
265.036975,914,4097.870843
266.678068,899,4099.302791
269.780376,868,4102.232688
266.412562,903,4103.648302
268.426357,885,4104.313507
268.485269,893,4105.738732
269.954381,880,4106.407879
267.628819,887,4107.073914
267.945684,887,4108.502307
261.36799,955,4109.220488
269.27714,876,4110.636749
268.999527,884,4111.322765
271.239485,857,4112.728747
268.140878,893,4115.737746
266.450704,892,4116.413807
268.71856,886,4117.800658
266.992425,891,4118.476903
267.528073,899,4119.918072
267.96922,892,4120.593352
271.11486,862,4121.988387
269.487611,878,4122.659076
267.810422,888,4123.325309
269.110492,882,4124.743318
268.62212,877,4125.404813
266.436565,900,4126.857999
268.968441,883,4129.815394
267.737687,890,4131.256973
271.612453,856,4131.939659
269.371631,874,4132.600171
268.922468,885,4134.051452
266.214257,901,4134.735813
270.268277,870,4136.16375
268.194174,892,4136.847622
267.467623,886,4138.276381
267.796392,883,4138.968017
271.721753,850,4139.605601
270.120194,867,4143.343155
267.635889,887,4144.009253
268.882181,880,4145.522971
266.733808,896,4146.2227
262.542417,938,4147.717881
268.809748,874,4148.392366
268.765924,876,4149.808383
267.859844,897,4150.516023
267.618481,894,4151.182888
263.980505,926,4152.64479
270.216298,867,4153.302768
267.967614,882,4157.009696
267.654568,888,4157.674451
260.35563,965,4159.164843
267.524008,890,4159.961156
269.883611,870,4160.654346
268.125638,885,4162.103496
270.236553,871,4162.757556
264.818614,911,4164.223114
264.131377,932,4164.932365
270.786404,861,4166.342413
270.892638,873,4167.008676
265.902576,909,4170.707074
265.47337,908,4171.407333
271.167498,862,4172.052128
59.280289,579,4173.263992
266.792586,893,4173.961005
-70.877376,171,4174.092266
268.723754,884,4175.529237
269.589281,872,4176.210037
270.072026,870,4176.871387
267.653121,897,4178.321511
268.743401,888,4178.983128
267.72196,893,4180.437981
-16.949825,309,4180.676685
267.399191,894,4183.628674
273.461081,835,4185.194983
